正面,背面
No encuentro mi libro de español en la mochila.,我在书包里怎么也找不到我的西语书。
"Hay muchos libros en la mesa, pero el rojo es el mío.",桌上有很多书，但红色那本是我的。
—¿De quién es este cuaderno? —El mío.,——这是谁的练习本？——是我的。
Te veo todos los días en la biblioteca por la tarde.,我每天下午都在图书馆看到你。
Mañana te voy a ver en el café de siempre a las cinco.,明天下午五点，我会在老地方那家咖啡馆见你。
Esta noche voy a verte en el concierto.,今晚在音乐会上我会见到你。
"Aunque a veces discutimos, la quiero a Ana con todo mi corazón.",虽然我们偶尔吵架，但我还是打心底里爱安娜。
Cada mes le doy un libro nuevo a mi hermano para que lea más.,我每个月都会给弟弟一本新书，让他多读点书。
En su cumpleaños le doy un libro a Juan sobre fotografía.,在胡安生日那天，我送了他一本关于摄影的书。
Me lavo la cara todas las mañanas antes de tomar café.,我每天早上喝咖啡之前都会先洗脸。
"Para mí, aprender idiomas es la mejor manera de viajar sin moverse.",对我来说，学语言是不出门也能旅行的最好方式。
Mi hermano es muy alto y es muy simpático.,我弟弟个子很高，人也很好。
Mi madre es profesora y mi padre es médico.,我妈妈是老师，我爸爸是医生。
"Paco es de Londres, pero ahora vive en Madrid.",帕科是伦敦人，但现在住在马德里。
Ese libro es de Paco; siempre lo trae a clase.,那本书是帕科的，他每次上课都带。
La mesa es de madera y la silla es de metal.,桌子是木头的，椅子是金属的。
Aprender un idioma nuevo es de gran importancia para mi trabajo.,学一门新语言对我的工作非常重要。
Hoy estoy muy cansado porque he trabajado todo el día.,今天我很累，因为我工作了一整天。
La ventana está abierta porque hace calor.,因为很热，所以窗户开着。
—¿Dónde está Marta? —Está en la cocina preparando la cena.,——玛尔塔在哪儿？——她在厨房准备晚饭。
¿Dónde está mi móvil? Está en la mesa del salón.,我的手机在哪儿？在客厅的桌子上。
Estamos a 15 de mayo de 2026 y todavía hace frío por la noche.,今天是 2026 年 5 月 15 日，晚上还挺冷的。
"Este café está muy caliente, ten cuidado.",这杯咖啡很烫，小心。
Esa casa blanca es donde vive mi profesora.,那栋白房子是我老师住的地方。
Aquellos edificios altos son oficinas modernas.,那些高楼是现代化的办公楼。
"¿Cuál prefieres, éste o ése?",你更喜欢这个还是那个？
"Ésos son mis compañeros de trabajo, los de allí.",那边那些人是我的同事们。
Aquél de la chaqueta roja es mi hermano.,穿红色夹克的那位是我哥哥。
¿Qué es esto que has dejado en mi mesa?,你放在我桌上的是什么？
Eso que dices no es verdad.,你说的那不是真的。
Aquello fue lo más difícil de mi vida.,那是我一生中最难的事。
"Ven, siéntate aquí a mi lado.",来，坐在我旁边。
"Pon el ordenador ahí, cerca de la ventana.",把电脑放在那儿，靠窗。
"Vivimos allí, en ese edificio alto del centro.",我们住在那儿，市中心那栋高楼里。
El perro de mi vecino ladra todas las noches.,邻居家的狗每晚都叫。
Voy a comprar un libro de español en la librería.,我要去书店买一本西语书。
Los estudiantes de esta clase siempre llegan puntuales.,这个班的学生总是很准时。
Unas amigas vienen a cenar a casa esta noche.,今晚有几位女性朋友来家里吃晚饭。
En mi barrio hay muchos árboles y un parque pequeño.,我住的街区有很多树，还有一个小公园。
En la nevera hay solo un poco de leche.,冰箱里只剩一点牛奶。
En esta clase hay veinte estudiantes.,这个班有二十个学生。
Hay que estudiar todos los días si quieres mejorar.,如果你想进步，就必须每天学习。
Tengo que levantarme a las seis mañana porque tengo una reunión temprana.,我明天必须六点起床，因为一大早有个会议。
No puedo ir al cine hoy porque trabajo hasta tarde.,我今天不能去看电影，因为要加班到很晚。
Quiero aprender español para viajar por Latinoamérica.,我想学西语，好去拉美旅行。
Necesitamos hablar de este problema con calma.,我们需要冷静地谈一谈这个问题。
¿Qué haces ahora mismo?,你现在这会儿在干什么？
¿Qué tiempo hace hoy en Madrid?,马德里今天天气怎么样？
Desde hace dos días suelo quedarme hasta tarde en el trabajo.,两天前，我经常加班到很晚。
Hace un año empecé este curso.,一年前，我开始上这个课。
Hace dos días que no lo veo en la oficina.,我在办公室已经两天没见到他了。
El 30% de los estudiantes aprobó el examen final.,30% 的学生通过了期末考试。
Hay un descuento del 20 por ciento en la tienda de la esquina hoy.,今天街角那家店有 20% 的折扣。
el primer día.,第一天。
la segunda planta.,第二层。
el tres de mayo.,五月三日。
¿Qué día comemos?,我们哪天吃饭？
¿Qué hora es?,几点了？
¿Tienes hora?,几点了？
¿Qué hora tiene?,几点了？
¿Tienes reloj?,你有手表吗？
¿A qué hora comemos en la cafetería? Comemos a la una.,我们几点在食堂吃饭？我们一点吃。
Es hora de comer; vamos al comedor.,是时候吃饭了，我们去食堂吧。
Trabajo de las ocho a las cinco en la oficina.,我从八点工作到五点。
Trabajo de mayo a octubre en el mismo horario.,我从五月到十月都上班，作息时间不变。
Por la tarde estudio.,我下午学习。
A las tres de la tarde.,下午三点。
Por la tarde descanso.,我下午休息。
Estudio todas las tardes.,我每天下午学习。
Estudio toda la tarde.,我学习一整个下午。
Llegué tarde al trabajo esta mañana.,我今天早上上班迟到了。
Carlos siempre viene muy tarde a las reuniones.,卡洛斯开会总是来得很晚。
¿Qué haces ahora?,你现在在干什么？
¿Qué es él?,他是做什么工作的？
¿Qué hora es ahora?,现在几点了？
¿Qué hora tiene ahora?,现在几点了？
¿Qué día es hoy / mañana?,今天/明天是星期几？
¿En qué mes estamos?,现在/今天是几月？
¿A qué día estamos hoy / mañana?,今天/明天是几月几日？
¿Qué tiempo hace hoy en la ciudad?,这座城市今天天气怎么样？
¿Qué le parece este plan?,您觉得这个计划怎么样？
¿Quién es ella en esta reunión?,这场会议里的那个女人是谁？
"¿Quién eres tú, por favor?",请问你是谁？
¿Cómo te llamas?,你叫什么名字？
Me llamo ....,我叫胡安
¿Cuántos libros tienes?,你有多少本书？
Tengo ... libros.,我有8本书。
¿Dónde está él?,他在哪里？
¿Adónde vas?,你去哪里？
¿De dónde es él?,他是哪里人？
Soy de China.,我来自中国。
Soy china.,我是中国人。
¿Por qué estudias español? Porque me gusta España.,你为什么学西班牙语？因为我喜欢西班牙。
"Como estoy cansado, no salgo a la calle.",因为我很累，所以我不去街上。
¿Qué estudias? Estudio español.,你学什么？我学西班牙语。
¿Cuándo estudias? Estudio por la mañana.,你什么时候学习？我每天早上学习。
¿A qué hora estudias?Estudio a las ocho.,你几点学习？我八点学习。
¿Cuál de los muchachos es su hermano?,哪个男孩是您的兄弟？
¿Cuál es tu coche?,哪个是你的车？
¿Con cuál de las jóvenes quieres hablar?,你想和哪个女孩交谈？
Quiero un libro de gramática para el curso.,我想要一本用于课程的语法书。
Quiero leer ese libro esta noche.,今晚我想读那本书。
Quiero mucho a mi hijo porque siempre me escucha atentamente.,我非常爱我的儿子，因为他总是认真听我说话。
"Prefiero la primavera al invierno, porque ya no hace tanto frío.",我更喜欢春天而不是冬天，因为春天没那么冷。
Prefiero estar en casa este fin de semana.,这个周末我更想待在家里。
Prefiero comprar verduras en el mercado del barrio.,我更喜欢在本地市场买蔬菜。
"Empiezo a estudiar a las ocho de la mañana, antes de ir a trabajar.",我早上八点先学习，然后再去上班。
Empiezo a estudiar por la mañana cuando termino el desayuno.,我上午早餐吃完之后开始学习。
Empiezo a estudiar en cuanto tengo tiempo libre.,只要我有空闲时间，我就会学习。
Cierro la tienda a las nueve de la noche.,我晚上九点关店。
Puedo ayudarte con la tarea ahora mismo.,我现在可以帮你做作业。
Querer es poder.,有志者事竟成。
Acuesto al niño en la cama después de cenar.,我吃完晚饭后把孩子哄上床睡觉。
Encuentro la llave en el cajón del escritorio.,我在书桌抽屉里找到了钥匙。
Juego al fútbol los sábados por la mañana.,我每周六上午踢足球。
Juego con mi hermano en el salón después de clase.,下课后我和弟弟在客厅玩。
Juego en el parque cerca de casa.,我在离家不远的公园里玩。
El bibliotecario atiende a los lectores en el mostrador por la tarde.,图书管理员下午在服务台接待读者。
Atiendo bien a los clientes cuando están esperando.,当客户在等的时候，我接待得很好。
"No atiendo mal a nadie, intento ser amable.",我不会对任何人态度不好，我会尽量友善。
Devuelvo el libro a la biblioteca después de leerlo en casa.,我在家把书读完后还给图书馆。
Voy a la biblioteca a pedir algunos libros para el curso.,我去图书馆为课程借几本书。
Pide un café al camarero y lo toma en la terraza.,他向服务员点了一杯咖啡，然后在露台上喝。
"¿Puedo pedirle un favor, por favor?",我可以请您帮个忙吗？
Sirvo en un restaurante del centro por las noches.,我在市中心的一家餐厅上夜班。
Él cena en casa de su médico de familia.,他在他的家庭医生家里吃晚饭。
Esto sirve de mesa en la terraza.,这在露台上当桌子用。
Le sirvo la sopa caliente al cliente.,我给客人盛上热汤。
¿No se sirve usted más sopa antes de irse?,您离开前不再来点汤吗？
Vuelvo a casa después del trabajo.,下班后我就会回家。
Vuelvo de Madrid el domingo por la noche.,我周日晚上从马德里回来。
"Como nadie me contesta, vuelvo a llamar a la puerta del vecino.",因为没人回应我，所以我又去敲了邻居家的门。
No hay tiempo. Volvemos a hablar de esto otro día con calma.,我现在没有时间，我们改天再慢慢谈这件事。
Se volvió loco de alegría cuando recibió la noticia.,收到这个消息时，他高兴得都要疯了。
Muevo la mesa del salón para poder limpiar debajo.,我把客厅的桌子挪开，好打扫下面。
Creía que eso ya estaba resuelto.,我以为那事已经解决了。
"Gracias a su ayuda, resolvimos la cuestión.",多亏您的帮助，我们解决了问题。
Entiendo el problema con el billete: la reserva está en otro correo.,我明白了这个票务问题：预订信息在另一个邮箱里。
No entiendo cómo funciona la audioguía del museo.,我不懂怎么用这套博物馆语音导览。
Divierto a los niños con juegos y dibujos en el parque esta tarde.,我今天下午在公园用游戏和画画让孩子们玩得开心。
Cuelgo el teléfono después de hablar con el médico.,我和医生通完电话就挂断。
El billete de tren cuesta mucho dinero en verano.,夏天的火车票要花很多钱。
Me cuesta dos horas llegar a la oficina cada mañana.,我每天早上花两小时到公司。
Pienso que es mejor irnos ahora.,我认为最好现在走。
Pienso mucho en mi familia.,我常常想起我的家人。
No me gustaban nada las novelas que me recomendaban.,我一点也不喜欢他们推荐给我的那些小说。
¿Necesitan intérprete? Les recomiendo uno de muy buen nivel.,你们需要口译吗？我给你们推荐一位水平很高的口译员。
Pruebo la comida antes de servirla a los invitados.,在把菜端给客人之前，我先尝一口。
Muestro el pasaporte en el control de pasaportes del aeropuerto.,我在机场护照查验处出示护照。
Me duele la cabeza desde esta mañana.,我从今天早上开始就头疼。
Murió ayer en el hospital rodeado de su familia.,他昨天在医院去世，家人都在身边。
Normalmente duermo ocho horas; ¿dormiste bien anoche?,我通常睡八个小时；你昨晚睡得好吗？
Le cuento lo que pasó ayer en la reunión.,我把昨天会议上发生的事讲给他。
Cuento los días que faltan para las vacaciones.,我数一数离假期还有多少天。
No contamos con mucho tiempo para terminar el proyecto hoy.,今天我们没有太多时间完成这个项目。
Aprobé el examen final de español el lunes.,我在周一通过了西班牙语期末考试。
Recuerdo tu nombre y la primera vez que nos vimos.,我记得你的名字，也记得我们第一次见面的情景。
Luis suele ir a la playa los domingos por la mañana.,Luis周日早上经常去海滩。
Solemos pasar juntos el fin de semana en casa de mis padres.,我们周末经常一起去我父母家过。
Acordamos vernos el sábado por la tarde.,我们约好了周六下午见面。
¿Te acuerdas de ese chico alto y fuerte que trabaja con nosotros?,你还记得那个和我们一起工作的又高又壮的男孩吗？
Siento frío en la oficina porque el aire acondicionado está muy fuerte.,我在办公室觉得冷，因为空调开得太强了。
"Lo siento, pero necesito despertarle a usted ahora; es una urgencia.",很抱歉，但我现在必须叫醒你；这是紧急情况。
Voy a la escuela de idiomas.,我去语言学校。
Voy a estudiar español mañana.,我明天要学西班牙语。
Voy a estudiar español en la escuela de idiomas.,我要去语言学校学习西班牙语。
Voy ahí.,我去那里。
Te doy un libro para el curso.,我把课程用的书给你。
Dieron las tres en el reloj de la cocina.,厨房里的钟已经三点了。
Veo una película en el sofá.,我在沙发上看一部电影。
Pongo el libro en la mesa del salón.,我把书放在客厅的桌子上。
En la guardería le pusieron el nombre de Juan al niño.,在幼儿园他们给孩子起名叫 Juan。
El profesor me puso un diez por mi trabajo.,老师因为我的作业给了我十分。
"Pon tu nombre aquí, por favor, en la hoja.",请在这张纸上写下你的名字。
Sé la respuesta del ejercicio.,我知道练习题的答案。
Sé cocinar pasta rápida para cenar.,我会做适合晚餐的速食意面。
Ya sé: mañana nos vemos en la puerta.,我知道了：我们明天在门口见。
Abro el paquete del pedido online.,我打开网上订的包裹。
Te digo la verdad: hoy no puedo salir.,我告诉你真相：我今天不能出门。
Obtuvo el premio del concurso de fotografía del barrio.,他获得了本社区摄影比赛的奖项。
Vengo de la oficina.,我从办公室来。
Vengo a tu casa.,我来你家。
"Conozco a María, mi nueva compañera de trabajo.",我认识玛丽亚，她是我的新同事。
Conozco Madrid porque estuve allí el año pasado.,我了解马德里，因为去年去过。
Nací en Madrid y crecí allí.,我出生在马德里，并在那里长大。
Conduzco un coche automático cuando tengo prisa.,我赶时间时开自动挡车。
Pareces estar un poco mal después de clase.,你看起来在课后有点不舒服。
Esos sofás de la tienda no parecen muy buenos.,这些店里的沙发看起来不太好。
Parece que va a llover pronto en el camino.,好像路上很快就要下雨了。
Le parece muy buena mi idea para la reunión.,我的这个想法在他看来对这次会议很不错。
No me parecen muy interesantes sus novelas por la noche.,他的小说在我看来不太有意思。
Esta película me parece mejor que la de ayer.,今天这部电影在我看来比昨天那部更好看。
"Entonces, te espero a las cuatro de la tarde en la estación, ¿qué te parece?",那么，我下午四点在车站等你，你觉得怎么样？
Ella se parece a su madre en las fotos de infancia.,她在小时候的照片里长得像她母亲。
Me parece bien esta idea para empezar mañana con calma.,我认为这个想法很好，明天就开始做。
No me parece mal que llegues un poco tarde hoy.,我不觉得今天你晚到一点有什么问题。
A mí parece que es mejor así para empezar poco a poco.,在我看来，这样更好，慢慢开始。
Oigo la música desde el balcón del vecino.,我从邻居阳台听到音乐。
Continúo estudiando español en casa por la noche.,我晚上在家继续学西语。
¿Dónde puedo coger la autopista hacia el aeropuerto?,我在哪儿可以上高速去机场？
Cogió el taxi y fue a ver al médico con prisa.,他急着打车去看医生。
El joven cogió el periódico gratis del metro y empezó a leer.,年轻人从地铁里拿起免费报纸开始读。
Dirijo la orquesta en el ensayo de esta semana.,我在本周排练中指挥乐团。
Dirigió la pregunta a mí en la reunión.,他在会议上问我问题。
Dirigimos hacia el centro por la calle Mayor para llegar al teatro.,我们去剧院沿着 Mayor 街往市中心走。
Nos dirigimos a Madrid en coche.,我们开车去马德里。
Corrijo los ejercicios de gramática después de clase.,我在下课后批改语法练习。
El profesor corrigió los exámenes el viernes por la tarde.,老师周五下午批改了试卷。
Ando por el parque con mi perro.,我带着狗在公园散步。
Ayer anduve mucho porque fui andando al trabajo.,昨天我走了很多路，因为我步行去上班。
He comido.,我已经吃过了。
Hoy he estudiado mucho.,今天我已经学了很多。
¿Has estado alguna vez en España?,你曾经去过西班牙吗？
Nunca he viajado solo.,我从来没一个人旅行过。
Ahora estoy estudiando español.,现在我正在学西班牙语。
¿Qué estás haciendo? Estoy leyendo.,你在做什么？我在看书。
Estos días estoy trabajando en un proyecto nuevo.,这几天我正在做一个新项目。
"Aunque está lloviendo, seguimos trabajando.",虽然在下雨，但我们仍继续工作。
Seguimos trabajando aunque está lloviendo.,虽然在下雨，但我们仍继续工作。
"A pesar de estar lloviendo, seguimos trabajando.",尽管在下雨，我们仍继续工作。
Seguimos trabajando a pesar de estar lloviendo.,尽管在下雨，我们仍继续工作。
"Pese a que está lloviendo, seguimos trabajando.",虽然在下雨，我们仍继续工作。
Ayer comí con mis amigos después de clase.,昨天课后我和朋友一起吃了饭。
El año pasado viajé a España con mi familia.,去年我和家人一起去西班牙旅行了。
Era muy feliz en casa de mis abuelos.,我当时在爷爷奶奶家很幸福。
Iba al cine cada semana con mi hermano.,我那时每周都和弟弟去电影院。
Siempre le veía en el parque por la tarde.,我那时傍晚总在公园见到他。
"Cuando era niño, vivía en el campo.",我小时候住在乡下。
Leía un libro cuando sonó el teléfono.,我正在看书，这时电话响了。
"Cuando llegué a la estación con mi maleta, el tren ya había salido.",当我拎着行李到车站时，火车已经开走了。
"Ella nunca había viajado al extranjero antes de 2010, hasta que ganó una beca.",在2010年之前，她从没出过国；直到她赢得了一份奖学金。
Mañana estudiaré español por la tarde en la biblioteca.,明天下午我会在图书馆学西班牙语。
Serán las ocho cuando lleguemos al centro.,我们到市中心的时候，大概就八点了。
"Para entonces, ya habré terminado el trabajo en la oficina.",到那时，我就已经在办公室把工作做完了。
Ya habrá llegado a casa; le envié un mensaje y está en línea.,他现在大概已经到家了；我发了消息，他显示在线了。
"Si tuviera tiempo, viajaría más este año.",如果有时间，我今年会多旅行。
¿Podrías ayudarme con este equipaje?,你能帮我拿一下这个行李吗？
"Dijo que llegaría a las ocho, pero todavía no ha llegado.",他说他会在八点到，但他现在还没到。
"Si hubiera estudiado más aquella semana, habría aprobado el examen.",如果那周我更用功一些，我就会通过考试的。
Quiero que vengas mañana a cenar conmigo.,我希望你明天来和我一起吃晚饭。
Es importante que estudies todos los días en la biblioteca.,你每天在图书馆学习很重要。
Te llamo antes de que salgas del trabajo.,我在你下班前给你打电话。
"Me lo das ahora, por favor.",你现在把它给我，好吗？
"Dámelo ahora, por favor.",你现在把它给我，好吗？
Ahora estoy estudiando español en casa después de cenar.,我晚饭后在家学西班牙语。
¿Qué estás haciendo ahora? Estoy leyendo en el tren de camino a casa.,你现在在做什么？我在坐车回家的路上看书。
Estos días estoy trabajando en un proyecto nuevo en la oficina.,这几天我在办公室做一个新项目。
Aprendí español viviendo en Madrid con una familia anfitriona.,通过住在马德里并和寄宿家庭一起生活，我学会了西语。
Entró en la habitación hablando por teléfono con su jefa.,他一边和老板通电话一边走进房间。
Caminaba por la calle pensando en sus problemas sin mirar el móvil.,他一边走在街上，一边想着自己的问题，手机也没看。
Él sigue estudiando español en casa.,他还在家继续学西语。
Voy aprendiendo poco a poco en el metro.,我在地铁里学会一点点西语。
Llevo dos años estudiando español y ya puedo pedir comida.,我已经学西语两年了，也能点餐了。
Vi la película en el cine el viernes.,我周五在电影院看了这部电影。
"Cuando llegué a la oficina, ya había salido.",当我到办公室时，他已经离开了。
La casa fue construida en 1990 en las afueras.,这房子建于1990年，在郊外。
Los libros fueron escritos por Cervantes hace siglos.,这些书是塞万提斯在几个世纪前写的。
Nos abrazamos después del partido.,比赛结束后，我们互相拥抱。
Se conocen desde hace años y se saludan siempre en el gimnasio.,他们认识很多年了，而且总在健身房见面打招呼。
Los niños se pelean por el balón en el patio.,孩子们在操场上因为球而打架。
Se vende este piso con vistas al parque.,这套公寓出售，能看到公园景色。
El español se habla aquí en todas las clases.,这里的所有课都讲西班牙语。
Se venden pisos céntricos.,市中心的公寓正在对外出售。
Se buscan camareros para el restaurante nuevo.,新开的餐厅正在招聘服务员。
Se pueden vender pisos.,公寓可以被出售。
Pisos pueden venderse.,公寓可以被出售。
Se va a vender este piso.,这套公寓将要被出售。
Este piso va a venderse.,这套公寓将要被出售。
Se vive bien aquí porque hay transporte y calma.,这里（人们）生活得很好，因为有交通也很安静。
Se trabaja mucho en esta empresa durante el verano.,在这家公司（人们）夏天工作得很辛苦。
Se dice que va a llover esta tarde.,（人们）说今天下午要下雨。
Llaman a la puerta y yo abro.,（有人）在敲门，我来开门。
Dicen que va a llover mañana.,（人家）说明天要下雨。
Se puede vivir bien aquí.,这里可以生活得很好。
Aquí puede vivirse bien si te gusta caminar.,这里可以生活得很好，只要你喜欢走路。
Se debe trabajar mucho.,（一般人）应该多工作。
Debe trabajarse mucho para cumplir el plazo.,（一般人）应该多工作，确保按时完成。
Me pruebo estos zapatos en la tienda.,我在店里试穿这双鞋。
Voy a probarme estos zapatos en la tienda antes de comprarlos.,我准备在店里先试穿这双鞋再买。
Me levanto a las siete para ir a clase.,我七点起床去上课。
Me acuesto temprano porque mañana tengo trabajo.,我要早点睡，因为明天我还有工作。
Hay que lavarse las manos antes de comer en casa.,在家吃饭前必须洗手。
Yo me lavo con agua fría en la ducha.,我用冷水洗澡。
Me afeito por la mañana antes de salir al trabajo.,我早上刮完胡子就出门上班。
Se queja del trabajo en la oficina.,他在办公室抱怨工作。
Me quejo de la comida del restaurante.,我抱怨餐厅的饭菜。
Me matriculo en la universidad.,我注册在大学。
La ciudad se encuentra en el centro de China.,这座城市位于中国中心。
"Hoy me encuentro muy mal, creo que estoy enfermo.",今天我感觉很不好，我想我生病了。
Me encontré con mi amigo en el parque.,我在公园遇到了我的朋友。
Me quito el abrigo.,我脱掉外套。
No te preocupes de eso.,别为那事操心。
Me preocupo por el futuro.,我为未来担心。
Se preocupa por el medio ambiente.,他对环境持续关注。
Me alegro de conocerte.,我很高兴认识你。
Me alegro con la buena noticia.,我因为好消息而高兴。
En la reunión cancelaron el plan y todos se pusieron tristes.,会议上取消了计划，大家都变得难过了。
Ponte alegre y sonríe: hoy salimos a cenar.,开心点，笑一笑：今天我们出去吃晚饭。
Me pongo el abrigo porque hace frío en la calle.,我穿上外套，因为外面冷。
Nos disponíamos a salir de casa cuando empezó a llover.,我们正要从家里出门时开始下雨了。
Me dispongo para vivir en otra ciudad y empiezo a buscar piso.,我准备去另一座城市生活，并开始找房子。
Se dispusieron a trabajar en cuanto llegó el jefe.,老板一到，他们就准备开始工作。
Me dirijo a la taquilla para comprar el billete del tren.,我朝售票窗口走去买火车票。
Se dirigió a mí y me preguntó qué hora era.,他朝我走过来问我现在几点了。
En el campus nos desplazamos en bicicleta cuando hace buen tiempo.,天气好的时候，我们在校园里骑自行车出行。
Tiene que desplazarse cada día desde su pueblo aquí para trabajar.,他每天都得从家乡来到这里上班。
Me traslado a Madrid la próxima semana para empezar un nuevo trabajo.,我下周搬到马德里开始新工作。
Se dedica a la literatura y escribe cuentos por la noche.,他从事文学创作，晚上写故事。
Se metió en el sótano para buscar una caja escondida.,他下去地下室寻找一个被藏起来的箱子。
No te metas en lo que no te importa.,别管跟你无关的事。
El gato se escondió detrás de la cortina cuando oímos la puerta.,当我们听到门响时，猫躲到了窗帘后面。
No te muevas mientras te hago la foto.,拍照的时候别动。
Se movió sigilosamente por la habitación buscando su juguete.,他悄悄在房间里走动，找他的玩具。
Es importante estudiar antes del examen.,在考试前学习很重要。
Es importante que estudies esta noche.,今晚你学习很重要。
¿Qué te pasa? ¿Por qué no contestas?,你怎么了？为什么不回消息？
¿Qué le pasa a Mario? Está raro hoy.,Mario 怎么了？他今天怪怪的。
¿Cómo te va el trabajo en la oficina?,你在办公室工作得怎么样？
"No es un libro, sino una revista sobre cocina.",这不是一本书，而是一本关于烹饪的杂志。
No tengo tiempo ni dinero para salir hoy.,我今天既没有时间也没有钱出去玩。
Ni él ni ella vinieron a la reunión.,他和她都没来参加会议。
Tengo que llegar antes de las nueve al trabajo.,我必须在九点前到公司上班。
No me hace falta tu ayuda ahora.,我现在不需要你的帮助。
Hace falta estudiar más para aprobar.,需要多学点才能通过考试。
Vamos a tardar dos días en terminar el trabajo del proyecto.,我们将用两天时间完成项目的工作。
No va a venir hasta las nueve porque tiene otra reunión.,他直到九点才来，因为他还有别的会议。
No tengo más que un libro de gramática para estudiar.,我只有一本语法书可以学习。
El cuaderno está al lado de la mesa del profesor.,笔记本在讲桌旁边。
¿Cómo se llama el joven que está a la izquierda del profesor en la foto?,照片里在老师左边的那个年轻人叫什么名字？
"A finales de año, viajo con mi familia.",在年末，我和家人一起旅行。
Te doy estos apuntes a cambio de que me ayudes a estudiar.,我把这些笔记给你，作为你帮我学习的交换。
No puedes gastar de esa manera el dinero de tu padre; piensa en el futuro.,你不能那样花你父亲的钱；要为未来打算。
Lo encontré cansado después del trabajo.,我下班后发现他很累。
La dejé sola en casa mientras iba al supermercado.,我去超市时把她一个人留在家里。
"En la reunión, lo eligieron presidente del club.",他们在会议上选他当俱乐部主席。
"Al final, lo eligieron a Juan como presidente de la asociación.",最后，他们选 Juan 当协会主席。
"En el barrio lo llaman Pepe, aunque su nombre es Pedro.",在社区里大家叫他 Pepe，虽然他叫 Pedro。
Te envidio la memoria de verdad; yo siempre olvido las cosas.,我真的很羡慕你的记忆力；我总是把事情忘掉。
Estudio para aprender español de verdad.,我学习是为了真正学会西语。
Durante el recreo charlo con mis amigos.,课间我和朋友聊天。
Voy con mi amigo al cine.,我和我的朋友去电影院。
Voy contigo al parque.,我和你一起去公园。
Ven conmigo.,你和我一起来。
El café con leche está calentito.,加牛奶的咖啡很烫。
Llevo el libro conmigo para el trayecto.,我随身带着书，路上看。
Trabajo desde las ocho.,从八点开始工作。
Respondo correos desde Madrid.,我在马德里开始回邮件。
Trabajo hasta las diez.,一直到十点工作。
Viajo hasta Barcelona el viernes.,我周五坐车去到巴塞罗那。
Hablamos sobre la película después de cenar.,我们晚饭后聊电影。
Todos vinieron excepto él.,除了他，所有人都来了。
"Vengo entre las dos y las tres de la tarde, cuando termine la clase.",我下午两点到三点之间来，当下课的时候。
Entre las dos casas hay un jardín pequeño.,两栋房子之间有一个小花园。
Pepe está entre Luis y Paco en la fila.,Pepe在队伍里站在Luis和Paco中间。
No puedes irte así sin decir nada; di al menos adiós.,你不能就这样什么都不说就离开；至少说声再见。
No quiero irme de China sin visitar la Gran Muralla.,我不想离开中国却不参观长城。
"Según el profesor, este libro es clave para el examen.",按照老师的说法，这本书是考试的关键。
"Según cómo lo mires, el problema puede ser fácil o difícil.",要看你怎么看，问题可能很容易也可能很难。
María y Juan estudian español en casa.,玛利亚和胡安在家学西语。
Yo estudio hoy y tú trabajas mañana.,我今天学习，你明天工作。
"Estoy cansado, pero sigo trabajando hasta terminar el informe.",我有点累，但我会继续工作，直到写完报告。
Prefiero el mercado porque hoy las frutas están más frescas.,我更喜欢市场，因为市场的水果更新鲜。
"Pues, vamos a empezar la clase.",那么，我们开始上课吧。
"No fui a la reunión, pues estaba cansado.",我没去参加会议，因为我太累了。
"Pues... la verdad, no sé qué decir.",嗯……说实话，我不知道该说什么。
"Como estoy cansado hoy, no voy a salir.",因为我今天累了，所以我不出门。
Es tan alto como su hermano en la foto.,他和照片里的他兄弟一样高。
Habla tan rápido como yo cuando nos ponemos nerviosos.,他讲话速度跟我一样快，尤其是紧张的时候。
La vida no es sosa como imaginan los demás cuando viajan por primera vez.,生活并不像别人第一次旅行时想象的那么无聊。
"Si llueve, nos quedamos en casa.",如果下雨，我们就待在家里。
No voy si llueve.,下雨的话我就不去。
"Aunque esté lloviendo, seguimos trabajando en el proyecto.",虽然在下雨，我们仍在项目上继续工作。
Seguimos trabajando aunque esté lloviendo.,虽然下着雨，我们还是继续工作。
"Aunque es joven, es muy sabio.",尽管他很年轻，但他很聪明。
"Mientras yo estudiaba, mis amigos veían la tele en el salón.",当我在学习时，我的朋友在客厅看电视。
Unos subían al autobús mientras otros bajaban en la siguiente parada.,有的人上公交，有的人则在下一站下车。
"Cuando tengo tiempo libre por la noche, leo en la cama.",当我晚上有空闲时间时，我会在床上读书。
"Al llegar a casa después del trabajo, llamo a mis padres.",下班回到家我就给父母打电话。
"Al llegar la hora de ir al comedor, todos se levantan y van con su bandeja.",一到去食堂的时间，大家就起身拿着托盘走过去。
Voy donde vive mi amigo para dejarle el libro.,我去我朋友住的地方，把书交给他。
Es el pueblo en el que nací y crecí; lo reconozco por la plaza.,这是我出生并成长的小镇；我从广场就能认出来。
Creo que es verdad porque lo explicó mi profesor.,我相信这是真的，因为老师已经解释过了。
La chica que vive aquí es mi hermana; a veces cuida mi gato.,住在这里的那个女孩是我妹妹，她有时会帮我照看猫。
Es importante que estudies hoy para el examen de mañana.,你今天学习很重要，因为明天要考试。
Es que estoy muy cansado después de trabajar todo el día.,我今天上班一整天太累了。
"No voy, es que tengo mucho trabajo y me toca terminarlo hoy.",我不去啦，我这边工作太多了，今天必须做完。
No sé qué hacer con este formulario.,我不知道该拿这份表格怎么办。
Pregunto qué quiere tomar.,我问他想喝什么。
No sé dónde está mi pasaporte.,我不知道我的护照在哪里。
Pregunto cuándo viene el técnico.,我问他什么时候来。
No sé cómo hacerlo para que salga bien.,我不知道怎么做才能做得好。
Pregunto quién es la persona que llama.,我问他打电话的人是谁。
No sé quiénes son los nuevos vecinos.,我不知道那几个新邻居是谁。
Pregunto cuál prefieres para la cena.,我问你晚饭更想吃哪一个。
No sé cuánto cuesta este billete para Madrid.,我不知道这张去马德里的票多少钱。
Pregunto cuántos años tiene tu hermano.,我问你弟弟多大。
Dice que viene.,他说他会来。
Pregunto si quiere café o té.,我问他想要咖啡还是茶。
Pregunto qué quiere cenar.,我问他想吃什么。
Pregunto dónde está la farmacia.,我问药店在哪里。
"En la presentación, habla clara y correctamente.",在展示中，他说得清楚而且很正确。
"En la carrera, corre más rápido que yo.",他在比赛中跑得比我快。
"En la entrevista, no habla tan despacio como el profesor.",面试里他说话没老师那么慢。
"En la autoescuela, conduce tan bien como su padre.",在驾校里，他开车技术和他父亲一样好。
"Por teléfono, habla muy despacio para que yo entienda.",打电话时他讲得很慢，让我听懂。
"Estoy bien, gracias.",我很好，谢谢。
Hoy estoy mejor después de dormir ocho horas.,今天我好多了，因为睡了八个小时。
"Claro, entiendo cuando lo explicas despacio.",当然，你慢慢讲我就明白。
Hablas muy claro y todos te siguen.,你讲得很清楚，大家都跟得上。
"Muy bien, empecemos.",很好，那我们开始吧。
Estoy mal por el cansancio.,我不太舒服，因为太累了。
Hoy estoy peor que ayer.,今天比昨天更糟。
Hoy es lunes y empiezo la semana con clases.,今天星期一，我开始新一周的学习。
"Ahora estudio español en casa, después del trabajo.",下班后我在家学西语。
"Vuelvo enseguida, solo compro un café.",我马上回来，我只是去买杯咖啡。
Te llamo enseguida cuando termine la reunión.,会议结束我马上给你打电话。
"Está bastante bien, aunque todavía falta un poco.",整体挺不错，虽然还差一点。
Casi termino el trabajo hoy; solo me quedan dos tareas.,我今天几乎把工作做完了；只剩两件事。
Sólo quiero descansar un rato antes de salir.,我只想在出门前休息一会儿。
Siempre estudio por la mañana antes del desayuno.,我总是在早饭前学习。
Así es como lo hacemos en mi equipo.,就是这样，我们团队就这么做。
Ya terminé el ejercicio y lo reviso.,我已经把练习做完了，现在在检查。
"Entonces, ¿qué hacemos primero: leer o escuchar?",那么，先做什么：读还是听？
Todavía estudio español porque quiero mejorar mi conversación.,我还在学西班牙语，因为想提高口语。
"En la estación, camina deprisa para no perder el tren.",在车站，他走得很快以免错过火车。
En julio hace más calor que en junio.,七月比六月更热。
"Además, hoy hay niebla y vamos con chaquetas.",此外，今天还有雾，所以我们带着外套。
¿Vienes al cine? Yo también.,你去看电影吗？我也去。
"¿No quieres café? Yo tampoco, prefiero té.",你不想喝咖啡吗？我也不想，想喝茶。
"Generalmente estudio por la mañana, y por la tarde trabajo.",我通常上午学习，下午工作。
"Antes de comer, estudio español media hora.",吃饭之前，我学习西语半小时。
"Antes de comer a las ocho, estudio los apuntes dos días seguidos.",我会连续两天在八点吃饭之前复习笔记。
"Después de comer, preparo el té y reviso mensajes.",吃完饭后，我泡茶并查看消息。
"Después de comer a las ocho, vuelvo al trabajo.",在八点吃完饭之后，我回到工作上。
"Cuando tengo tiempo libre los fines de semana, leo novelas.",周末只要有空闲时间，我就看小说。
¿Puedes ver qué hay encima de la nevera?,你能看到冰箱上面有什么吗？
Encima de la mesa hay un florero muy bonito para la visita.,桌子上摆着一个很漂亮的花瓶，用来招待客人。
"Primero estudio vocabulario, luego descanso cinco minutos.",我先背单词，然后休息五分钟。
"Carlos siempre llega tarde, aunque sale a tiempo.",卡洛斯总是迟到，虽然他出门的时间很准。
Anoche salí del trabajo tarde y volví a casa a las once.,昨晚我下班很晚，十一点才回家。
El banco no está muy lejos: está a diez minutos andando.,银行不太远：走路十分钟左右。
¿Está lejos de aquí ese cine; hay que coger metro?,那个电影院离这里远吗？要坐地铁吗？
"Efectivamente, abre a las diez, como dijo la recepcionista.",确实，十点开门，前台说得没错。
"Al escuchar el aviso, camina rápido hacia la salida.",听到广播后，他快步朝出口走去。
"En la clase práctica, incluso los niños pueden hacer la maqueta.",在实践课上，甚至小朋友也能做模型。
Seguramente viene mañana; hoy tenía cita médica.,他很可能明天来；今天他有看诊。
Cerca de mi casa hay un café muy bueno; voy allí cada mañana.,我家附近有一家很好的咖啡厅；我每天早上去。
"Su casa está muy cerca de la mía, a dos calles.",他的房子离我的很近，隔两条街。
En la mesa dejo las facturas aparte y guardo el resto.,在桌上我把账单单独放好，把其他收起来。
Ese restaurante es demasiado caro para mí hoy.,那家餐厅对我来说太贵了。
Vamos allí pronto para conseguir sitio.,我们早点去那里才能有座位。
Te levantas muy pronto; todavía es de noche.,你起得很早，天还没亮。
"Primero reviso el vocabulario, luego hago los ejercicios.",我先复习单词，然后做练习。
Junto a mi casa hay un parque pequeño y siempre hay gente.,我家旁边有个小公园，那里总有人。
"Está dentro de la maleta, en el bolsillo interior.",它在行李箱里面的内侧口袋里。
Vuelvo dentro de una hora; no me esperes con prisa.,我一小时后回来；你不用着急等我。
Te llamo dentro de dos días para confirmar la reserva.,两天后我给你打电话，确认预订。
"Cuando él habla, nunca entiendo bien qué quiere decir.",当他说话时，我从来都没法听清过他想表达什么。
Trabajo diariamente desde las nueve hasta las seis.,我每天从九点工作到六点。
"¿Son las tres? No, son las tres y diez.",三点吗？没错，三点十分。
El niño se vistió muy despacio porque buscaba los calcetines.,这个孩子穿衣服穿得很慢，因为他在找袜子。
Camina despacio para no resbalar.,他走得很慢，怕滑倒。
Trabaja constantemente para terminar el proyecto antes de la fecha.,他一直持续工作，为了在截止日期前完成项目。
Me levanto temprano para preparar el desayuno sin prisas.,我起得很早，好能不慌地准备早餐。
"Naturalmente, si necesitas ayuda, dime y te ayudo.",当然，如果你需要帮助就告诉我，我来帮你。
Lo veo frecuentemente en la biblioteca del barrio.,我经常在社区图书馆见到他。
"Aunque hay ruido, habla tranquilamente.",虽然很吵，他却能平静地说话。
Vive tranquilamente en el campo.,他在乡下安稳地生活。
Apenas si entiendo la explicación del profesor.,我几乎听不懂老师的解释。
"Apenas llegamos a casa, empezó a llover y tuvimos que correr.",我们刚到家就开始下雨了，我们不得不跑起来。
"Apenas nos vio en la puerta, nos saludó con la mano.",他一看到我们在门口就挥手打招呼。
"Sinceramente, no me gusta esta forma de hablar.",坦率说，我不喜欢这种说话方式。
Entró sigilosamente en el aula cuando ya empezaba la clase.,他在课快开始时悄悄走进教室。
Hago que el niño estudie 30 minutos antes de jugar con la tablet.,我让这个孩子在玩平板前学习30分钟。
Hago estudiar al niño para el examen.,我让这个孩子为考试学习。
Dejo que María salga a comprar pan sola.,我允许玛利亚自己出去买面包。
Dejo salir a María antes de las seis.,我允许玛利亚在六点前出门。
Permito que los niños jueguen en el parque los domingos por la tarde.,我允许孩子们在周日的下午去公园玩。
Acuesto al niño cuando termina el cuento y ya está con sueño.,我在讲完故事后孩子已经困了，所以让他躺下睡觉。
Divierto a los niños con juegos de mesa después de cenar.,我在晚饭后用桌游让孩子们玩得开心。
Me gusta esta película porque el final me sorprendió.,我喜欢这部电影，因为结尾让我很惊喜。
"Me gustan estas películas de terror, pero solo los fines de semana.",我喜欢这些恐怖电影，但只在周末看。
No me gusta cocinar cuando estoy cansado.,我累的时候不喜欢做饭。
"A mí me gusta el café con leche, no el solo.",我喜欢加牛奶的咖啡，不喜欢不加的。
A María no le gusta cocinar y prefiere pedir comida para llevar.,玛利亚不喜欢做饭，她更喜欢叫外卖带回家吃。
Le parece muy buena la idea de visitar el museo el sábado por la mañana.,他觉得周六上午去博物馆是个很好的主意。
No me parecen muy interesantes sus novelas; prefiero ensayos.,在我看来，他的小说不太有意思，我更喜欢散文。
Ana y Luis se ven igual de bien en las fotos.,照片里安娜和路易斯一样好看。
"En mi curso, Ana es más alta que Luis.",在我们班里，安娜比路易斯高。
"En el proyecto, Luis es menos trabajador que Ana.",在这个项目里，路易斯没安娜那么勤奋。
Ana es la más alta de la clase de matemáticas.,安娜是数学课里最高的。
Luis es el más trabajador entre sus amigos este semestre.,在这个学期里，路易斯是他朋友中最勤奋的。
Ese coche es el más caro del concesionario.,那辆车是经销商里最贵的。
Madrid es la ciudad más grande de España.,马德里是西班牙最大的城市。
Mi hermano es muy alto; casi llega al techo.,我哥哥很高，几乎都要碰到天花板了。
Ese edificio es altísimo.,那栋楼非常高。
"En mi estantería, tengo tantos libros como Ana.",在我的书架上，我的书和安娜一样多。
Ana tiene más trabajo en la oficina que Luis.,安娜在办公室的工作比路易斯多。
Luis tiene menos tiempo para estudiar que Ana.,路易斯学习用的时间比安娜少。
La chica que vive aquí es mi hermana; a veces me ayuda con las tareas.,住在这里的那个女孩是我妹妹，她有时会帮我做作业。
El libro que compré ayer es muy interesante y fácil de leer.,我昨天买的那本书很有趣。
Mucho trabajo en la oficina.,办公室里工作很多。
Mucha tarea para mañana.,明天要交的作业很多。
Trabaja mucho en la oficina.,他在办公室工作很努力。
Hace mucho calor en agosto.,八月天气很热。
Llueve mucho esta semana.,这周雨下得很大。
Trabaja más que yo en el equipo.,在团队里他比我工作得更多。
Tengo muchos para el examen.,我有很多考试复习资料。
Hay muchas en la biblioteca.,图书馆里有很多。
Poco tiempo para comer.,吃饭的时间很少。
Poca comida en la nevera.,冰箱里食物很少。
Trabaja poco hoy.,他今天工作很少。
Hace poco calor en la oficina.,办公室里没那么热。
Trabaja menos que antes.,他比以前工作得更少。
Tengo pocos para terminarlo hoy.,我今天要做完的东西很少。
Hay pocas plazas disponibles.,可用名额很少。
Un poco de agua fría.,来点冷水。
Un poco de tiempo para respirar.,给我一点时间喘口气。
Hablo un poco de español para pedir comida.,我会一点西班牙语用来点餐。
Está un poco cansado después del viaje.,他坐车之后有点累。
Aquí hay algo que no comprendo de esta explicación.,这里有些我不理解的讲解内容。
Está algo cansado porque durmió poco.,他有点累，因为睡得少。
Algún día te invito al café.,总有一天我会请你喝咖啡。
Alguna vez encontraremos tiempo.,总有一次我们会有时间。
Algún libro de gramática te ayudará.,一些语法书会帮到你。
"¿Tienes algún libro de español para principiantes? Sí, tengo alguno.",你有给初学者用的西语书吗？有的，我有一本。
No tengo ningún libro de español ahora.,我现在一本西语书都没有。
No hay ninguno en la biblioteca.,图书馆里也没有一本。
Cualquier libro para principiantes está bien.,初学者用的任何一本书都可以。
Cualquiera puede hacerlo con práctica.,任何人只要练习都能做到。
Trabajo todo el día.,我整天工作。
Dormí toda la noche.,我睡了一整夜。
Todos los días camino al trabajo.,我每天走路去上班。
Lo sé todo sobre este tema.,我对这个主题全都知道。
¿Ya estamos todos aquí?,我们都到齐了吗？
No quiero decir nada delante de la gente.,我不想当着大家说。
Nada quiero decir ahora.,我现在什么都不想说。
¿Cuál es tu llave del apartamento?,哪一把是你公寓的钥匙？
¿Cuál de los muchachos es su hermano en la foto?,照片里哪个男孩是他兄弟？
¿Con cuál de las jóvenes quieres hablar sobre el evento?,你想和哪个女孩聊活动的事？
"Hola, ¿cómo estás?",你好，你好吗？
"Buenos días, señor. ¿Le sirvo un café?",早上好，先生。我给您来杯咖啡吗？
Mucho gusto en conocerte.,很高兴认识你。
"Encantado, soy Juan.",很高兴，我是胡安。
"Encantada, soy María.",很高兴，我是玛利亚。
Me llamo Juan.,我叫胡安。
¿Qué tal? ¿Cómo estás hoy después del examen?,怎么样？你考试后还好吗？
"¿Cómo te encuentras hoy, estás mejor?",你今天感觉怎么样？好点了吗？
¿Cómo te va el trabajo esta semana?,这周这个工作对你怎么样？
Gracias por tu ayuda con la tarea de español.,谢谢你的帮助。
"Por favor, ¿puedes ayudarme un momento?",麻烦了，你能帮我一下吗？
Me recibió con cordialidad en la oficina.,他在办公室里友好地接待了我。
Hablamos con cordialidad durante la reunión.,我们在会议中友好交谈。
"Un poco de agua, por favor.",麻烦给我一点水。
"¿Un poco más de sopa, por favor?",再来一点汤吗？
Trabajé un par de horas.,我工作了几个小时。
Esperamos un par de horas.,我们等了几小时。
"A veces llueve, pero salgo igual.",有时会下雨，但我还是会出去。
El fin de semana descanso en casa.,周末我在家休息。
¿Diga? ¿Quién es?,喂？你是谁？
Por la noche estudio español en serio.,晚上我认真学西语。
Por la mañana trabajo y respondo correos.,早上我工作并回邮件。
Por la tarde descanso un rato.,下午我休息一会儿。
"Pase por aquí, por favor.",请这边走。
Ven por aquí y te explico.,从这边来，我给你解释。
"A las ocho de la noche, nos vemos en la estación.",晚上八点，我们在车站见。
"A las siete de la mañana, desayuno y salimos.",早上七点，吃早饭并出发。
"A las tres de la tarde, tengo clase de conversación.",下午三点，我有口语课。
¿Vienes mañana? Por supuesto.,你明天来吗？当然。
¿Puedes ayudarme con esto? —¡Claro que sí!,你能帮我做这个吗？—当然可以！
Estoy ciento por ciento seguro de que lo encuentras.,我百分之百确定你能找到它。
"Hasta mañana, nos vemos en la oficina.",明天见，在办公室见。
"Hasta luego, vengo en cinco minutos.",一会儿见，我五分钟后回来。
Hasta el sábado por la tarde.,周六下午见。
"En el museo hay reglas, normas, hasta prohibiciones por seguridad.",博物馆里有规定、规范，甚至为了安全还有禁令。
Estudio todos los días después del trabajo.,我每天下班后学习。
Llegué el lunes a la ciudad; al día siguiente empecé a trabajar en el nuevo proyecto.,我周一到这座城市；第二天就开始做新项目了。
Estudio todo el día para el examen final.,我为了期末考试整天学习。
Estudio todas las mañanas antes de ir al trabajo.,我每天上午去上班前学习。
Estudio todas las tardes en la biblioteca.,我每天下午在图书馆学习。
Estudio todas las noches con la grabación del profesor.,我每天晚上都会跟着老师的录音学习。
Estudio toda la mañana sin parar.,我整个上午都在不停地学习。
Estudio toda la tarde y por la noche repaso.,我整个下午学习，晚上再复习。
"Estudio toda la noche, pero al final descanso.",我学了一整晚，但最后还是会休息。
"Adiós, hasta mañana.",再见，明天见。
"Chao, nos vemos.",再见，回头见。
Está cansado hoy; sin embargo sigue trabajando en casa.,他今天很累；然而他仍在家继续工作。
Vive sin ocuparse de nada y disfruta sus fines de semana.,他活得随心所欲，周末尽情享受，什么都不操心。
Llueve sin parar desde el mediodía.,从中午开始雨就不停地下。
Trabaja sin parar porque hay plazo.,他不间断地工作，因为有截止期限。
Lo dijo sin pensar que fuera a molestarte; solo quería bromear.,他脱口而出，根本没想到会惹你不高兴；只是想开玩笑。
"No puedo salir esta noche; o sea, mañana por la mañana tengo que trabajar.",我今晚不能出去，因为明早我得去工作。
"En realidad, no puedo ir porque tengo una entrevista.",其实，我去不了，因为我有面试。
Tengo hambre; ¿paramos a comer algo antes de volver a casa?,我饿了；回家前我们先吃点东西吧？
Tengo una cita con el dentista a las diez.,十点我和牙医有个预约。
Él cambia de un día para otro: ayer estaba bien y hoy está peor.,他一天一个样：昨天还好，今天更糟了。
Encontró a su medio naranja en una cafetería del barrio.,他在社区的一家咖啡馆遇到了灵魂伴侣。
Estoy lleno después de la paella; no puedo más.,吃完海鲜饭我都吃饱了，再也吃不下了。
Gracias por tu ayuda. De nada.,谢谢你帮我。不客气。
"Se rompió mi cuaderno. No pasa nada, te presto el mío.",我笔记本摔坏了。没关系，我把我的借给你。
¿Algo más? Nada más.,还要别的吗？就这些。
"Para el regalo, no tengo más que diez euros.",礼物我最多只有十欧元。
Nada de eso; yo pagué la cuenta.,不是这样的，我付的账。
Lo conseguí por nada; era una promoción.,我几乎没花钱就拿到了；是促销。
"Perdón, te pisé sin querer.",对不起，我不是故意踩你的。
¡Cuánto lo siento! He llegado tarde por el atasco.,很遗憾！我因为堵车晚到了。
Aquí lo tienes; gracias por esperar.,给你，感谢你等我。
Aquí está; ya está todo listo.,给你，已经准备好了。
"¿Vamos al cine ahora, vale?",我们现在去看电影，好吗？
"A propósito, ¿a qué hora empieza?",顺便问一下，几点开始？
"Antes de nada, déjame presentarme: soy Clara.",首先，让我自我介绍一下：我是 Clara。
Vengo aquí por primera vez; ¿me puedes ayudar?,我第一次来这里；你能帮我吗？
Por fin llegaste; te estábamos esperando.,你终于到了，我们一直在等你。
Por fin terminé el informe y lo envié.,我终于做完报告并发出去了。
A los seis años empecé a tocar el piano.,我六岁开始学钢琴。
"Felicidades por tu 18 cumpleaños, ¡te quiero!",祝你十八岁生日快乐，我爱你！
"Cada (una) vez que te veo, me dan ganas de sonreír.",每一次见到你，我都想笑。
No juegues con tu salud; duerme bien y come a tiempo.,别拿你的健康开玩笑；好好睡、按时吃。
Ya sé; lo vi en tu mensaje.,我知道了；我看到你发的消息了。
Ahora mismo no trabaja; está buscando empleo.,他现在没有工作，在找工作。
No tiene trabajo desde marzo; está enviando currículos.,他从三月开始没工作，在投简历。
"Trabajo en el parque industrial, cerca de la estación.",我在工业园区上班，离车站很近。
Estudio en la Biblioteca Nacional por la tarde.,我下午在国家图书馆学习。
No importa; lo resolvemos mañana.,没关系；我们明天再解决。
¿Café o té? Me da igual.,咖啡还是茶？都行。
¿De verdad estás molesto? —¡Qué va! Solo estaba cansado.,你真生气了？—才不是！我只是太累了。
¡Qué bien! Hoy es perfecto para salir a caminar.,太好了！今天很适合出去散步。
Voy a hacer compras al supermercado después del trabajo.,下班后我去超市购物。
"Pasaba fuera los domingos, luego volvía por la tarde.",我以前周日常待在外面，傍晚再回家。
Siempre hago la cama por la mañana antes de salir.,我早上出门前总是整理床铺。
Pago con tarjeta de crédito en el supermercado.,我在超市用信用卡付款。
"La cuenta, por favor. Hoy invito yo.",买单吧，今天我请客。
Tienes que levantarte ya; llegamos tarde.,你得马上起床了；要迟到了。
"Oiga, disculpe, ¿puede ayudarme?",喂，打扰一下，您能帮我吗？
Le llamo por teléfono para confirmar la hora.,我给他打电话确认时间。
Llamo a la puerta y no contesta.,我敲门他没有回应。
Esta fábrica produce coches totalmente eléctricos.,这家工厂生产纯电动汽车。
El accidente produjo daños y retrasos.,事故造成了损失和延误。
¿Vamos al cine esta tarde? Vale.,我们今天下午去电影院？好的。
Estoy de acuerdo contigo; es una buena idea.,我同意你的观点；这是个好主意。
Dejo esta mesa y voy contigo a la cocina.,我放下手头的事，跟你去厨房。
Te conozco de oídas; tu perfil lo vi por recomendación de Ana.,我听说过你；我看到你的主页是安娜推荐的。
"A la hora de comer, solemos estar en casa.",吃饭的时候我们通常在家。
A la salida de la escuela nos encontramos en la parada.,离开学校的时候我们在站牌见面。
A la salida del trabajo voy al supermercado y compro pan.,下班后我去超市买面包。
¡Huy! Qué caro... ¿Hay descuento hoy?,嗬！也太贵了……今天有打折吗？
"En el mercado hay muchas frutas; por ejemplo, manzanas y naranjas.",在市场上有很多水果，比如苹果和橙子。
Uno de mis amigos trabaja en este barrio.,我的一个朋友在这个社区工作。
Una de mis amigas estudia chino.,我的一位女朋友在学中文。
Lo más importante es la disciplina en tu rutina.,最重要的是日常作息里的自律。
Lo importante es practicar cada día.,关键是每天练习。
Trabajamos dentro y fuera del país; ahora estamos en China y viajamos a España.,我们在国内外工作；现在在中国，也会去西班牙出差。
Ella es famosa por sus videos de cocina.,她因做饭视频很有名。
La ciudad es famosa por su arquitectura.,这座城市因建筑很有名。
Hoy es un buen día para estudiar y salir a caminar.,今天是个好日子，既学习也出去走走。
El reloj marca las tres y todavía no he almorzado.,钟现在显示三点了，我还没吃午饭。
Tomo café por la mañana antes de empezar a trabajar.,我早上开始工作前喝一杯咖啡。
No tengo tiempo ahora; tengo que irme ya.,我现在没时间；我得立刻走了。
¿Qué hora es? Necesito salir a las cinco.,几点了？我得五点出门。
Tengo clase a las ocho y preparo todo antes de salir.,我八点上课，出门前都准备好了。
Tenemos una conversación sobre el examen en la cafetería.,我们在咖啡馆就考试聊一聊。
Por la tarde estudio español y repaso los apuntes.,下午我学西语并复习笔记。
Es un día muy bueno para preparar el examen.,很适合准备考试的一天。
Una película buena para relajarse en casa.,一部在家放松的好电影。
Un día malo porque perdí el tren.,一天都很糟糕，因为我没赶上火车。
Una película tan mala que casi me duermo.,一部很差的电影，我都快睡着了。
El profesor es muy puntual y empieza a tiempo.,这位老师非常准时，会准点上课。
Llegué tarde porque había mucho tráfico.,我来晚了，因为路上太堵车。
Tomo café antes de clase.,我课前喝咖啡。
Tomo el libro de la mesa.,我把桌上的书拿起来。
Tomo el autobús para ir al trabajo.,我乘公交去上班。
La primavera es bonita y la gente sale a pasear.,春天很美，大家都会出来散步。
En verano hace mucho calor y suelo ir a la piscina.,夏天很热，我通常去游泳池。
El otoño es fresco y por la tarde a veces llueve.,秋天凉爽，下午有时会下雨。
En invierno hace frío; me pongo una bufanda.,冬天很冷，我会戴围巾。
Mi estación favorita es la primavera porque el clima es suave.,我最喜欢春天，因为天气很温和。
"Hace viento hoy, así que me abrigé más.",今天有风，所以我多穿了点。
Hace mucho calor; bebo agua todo el día.,太热了；我一整天都在喝水。
Hace frío en invierno y me cuesta salir.,冬天很冷，我出门都困难。
Hace sol y aprovecho para secar la ropa.,有太阳，我就晾衣服。
El clima es agradable para dar un paseo.,气候很宜人，适合散步。
Llueve mucho hoy y llevo paraguas.,今天雨下得很大，我带着伞。
"Nieva en invierno, pero el centro se limpia rápido.",冬天会下雪，不过市中心很快会清理。
El clima es suave en primavera y me siento bien.,春天的天气很温和，我感觉很舒服。
"El trabajo es duro, pero aprendí mucho.",工作很难，但我学到了很多。
La tarea es dura hoy.,今天的作业很难。
La verdad es que estoy cansado de esperar.,说实话，我等得有点累。
España es un país bonito y la gente es amable.,西班牙是个美丽的国家，人也很友好。
Tanto trabajo hoy que no termino.,今天工作这么多都做不完了。
Tanta tarea que me duele la cabeza.,作业这么多我头都疼。
Este año estudio español y planeo viajar.,今年我学西班牙语，还计划旅行。
Vivo en España desde 2021.,我从 2021 年起住在西班牙。
Trabajo con mi compañero en la misma oficina.,我和我的同事在同一间办公室工作。
Mi compañera y yo trabajamos en equipo.,我和我的女同事一起在团队协作。
Voy a correos a enviar un paquete hoy.,今天我去邮局寄包裹。
El mercado está lleno de gente y de frutas.,市场里人很多，也有很多水果。
Voy al banco para sacar dinero del cajero.,我去银行在自动取款机取钱。
Compro en el supermercado con la lista de la semana.,我按这周的购物清单在超市买东西。
Voy al cine con mis amigos después del trabajo.,下班后我和朋友去电影院。
"Feliz cumpleaños, ¡que pases un día genial!",生日快乐，祝你度过美好的一天！
Tengo mucho trabajo hoy y no paro.,我今天工作很多，一直停不下来。
Voy a la tienda a comprar pan y fruta.,我去商店买面包和水果。
Trabajo en la oficina y contesto correos.,我在办公室工作，也会回邮件。
Voy a una fiesta este sábado por la noche.,我这周六晚上要去参加聚会。
Hay mucha gente en la plaza hoy.,今天广场上人很多。
"Quiero una bebida fría, por favor.",请给我来一杯冰饮料。
La comida está rica y huele muy bien.,食物很好吃，香味也很棒。
Otro día lo hacemos mejor.,另一天我们做得更好。
Otra vez me olvidé.,我又一次忘了。
Trabajo en una oficina de lunes a viernes.,我周一到周五在办公室工作。
Trabajo en el sector turístico este verano.,今年夏天我在旅游业工作。
Trabajo de profesor de español.,我的工作是西班牙语老师。
"No trabaja ahora, está de vacaciones.",他现在不工作（在假期）。
No tiene trabajo desde marzo.,他从三月开始没有工作。
Te invito a la fiesta este sábado.,我邀请你参加这个周六的聚会。
Te invito a cenar mañana.,我邀请你明天吃晚饭。
Te invito.,我请你。
Ordeno comida por la app.,我在软件上点餐。
Ordeno mi habitación antes de dormir.,我在睡觉前整理房间。
Compro un libro hoy.,我今天要去买一本书。
Compro un regalo a mi amigo.,我从我的朋友那里买礼物。
Compro en el mercado los sábados.,我周六在市场买东西。
Mi abuelo es amable y me cuenta historias por la tarde.,我的祖父很友好，下午会给我讲故事。
Mi abuela es amable y cocina para toda la familia.,我的祖母很友好，会为全家做饭。
Mi tío trabaja en un banco.,我的叔叔在银行工作。
Mi tía trabaja en una oficina.,我的阿姨在办公室工作。
Mi primo estudia inglés online.,我的表兄弟在线学英语。
Mi prima estudia español con un profesor.,我的表姐妹跟着老师学西语。
El chico es simpático y siempre saluda.,这个男孩很友好，总是打招呼。
La chica es simpática y ayuda en clase.,这个女孩很友好，上课会帮忙。
Mi padre trabaja en una empresa de tecnología.,我的父亲在一家科技公司工作。
El hombre es amable en la recepción del hotel.,这个男人在酒店前台很友好。
Estudio español nivel elemental para viajar.,我学基础水平的西班牙语，为了旅行。
Empiezo español en el nivel A.,我从a级开始学西班牙语。
Durante el recreo charlo con mis amigos en el patio.,休息时间我和朋友们在操场聊天。
Esta es una foto de mi familia; estamos en la fiesta de verano.,这是我家庭的照片；我们当时在夏季聚会上。
Mi familia es grande y nos reunimos los domingos.,我的家庭很大，我们每周日都会聚在一起。
Trabajo en una empresa y hago entregas por la tarde.,我在一家公司工作，负责下午送货。
Mi madre hace las tareas de la casa mientras yo estudio.,在我学习的时候，母亲做家务。
Estudio español por la noche.,我晚上学西班牙语。
Estudio en la universidad los martes.,我每周二在大学学习。
Necesito un cuaderno nuevo.,我需要一本新笔记本。
Necesito estudiar más antes del examen.,考试前我需要多学习。
Hablo español en clase.,我在课堂上讲西班牙语。
Hablo con mi amigo por la noche.,我晚上和朋友说话。
Hablamos sobre la película el fin de semana.,周末我们聊电影。
Termino de estudiar a las diez de la mañana y salgo.,我早上十点结束学习并出门。
Termino de estudiar por la mañana y descanso.,我上午结束学习然后休息。
Termino de estudiar pronto.,我很快结束学习。
Charlo con mis amigos durante el recreo.,我在休息时间和朋友聊天。
Estudio español en casa.,我在家学西班牙语。
El estudiante estudia español para el examen.,这位学生为考试学习西班牙语。
La estudiante estudia español con constancia.,这位女学生坚持学习西班牙语。
El estudio está ordenado porque preparo clase allí.,我的书房很整齐，因为我在那里备课。
El chico moreno está sentado cerca de la ventana.,深色头发的男孩坐在窗户旁边。
La chica morena habla despacio y con claridad.,深色头发的女孩说话很慢很清楚。
Es muy simpático y siempre tiene tiempo para ayudar.,他很友好，总有时间帮忙。
Es muy simpática y sonríe mucho.,她很友好，总是笑得很多。
Estudio español nivel elemental para sobrevivir en el viaje.,我学基础水平的西语，好能应付旅行。
Es muy amable: me explica la clase otra vez.,他很友好：他又给我讲了一遍课。
Él es mi amigo del trabajo.,他是我工作里的朋友。
Ella es mi amiga de la universidad.,她是我大学里的朋友。
"Hola, ¿cómo estás? ¿Todo bien?",你好，你怎么样？都还好吗？
"Buenos días a todos, hoy empezamos con una actividad.",大家早上好，今天我们从一个活动开始。
"Mucho gusto en conocerte, soy Clara.",很高兴认识你，我是克拉拉。
"Encantado, soy Juan. ¿Eres nuevo aquí?",很高兴，我是胡安。你是新来的吗？
"Encantada, soy María. ¡Qué alegría verte!",很高兴，我是玛利亚。很开心见到你！
El señor es profesor de español.,这位先生是西班牙语老师。
Él es médico en un hospital.,他在医院当医生。
Ella es médica en una clínica.,她在诊所当医生。
El empresario gestiona su cafetería por la mañana.,这位企业家早上经营咖啡馆。
La empresaria lleva un proyecto por la tarde.,这位女企业家下午负责一个项目。
El secretario coordina las llamadas y organiza reuniones.,这位秘书协调电话并安排会议。
La secretaria prepara documentos para la oficina.,这位女秘书为办公室准备文件。
El camarero trae el menú y sirve la cena.,服务员拿来菜单，然后端上了晚餐。
La camarera toma nota y enseguida sirve los platos.,那位女服务员记好单，很快就把菜端上桌了。
El enfermero ayuda al paciente en urgencias.,这位护士在急诊帮助病人。
La enfermera acompaña al paciente durante la revisión.,这位女护士在检查时陪伴病人。
Él es español y habla español con acento.,他是西班牙人，说着带口音的西语。
Ella es española y practica español conmigo.,她是西班牙人，总和我练习西语。
El alemán habla alemán en el trabajo.,这位德国人工作时说德语。
La alemana conversa en alemán por la mañana.,这位德国女人早上用德语聊天。
El profesor enseña español en clase de A2.,这位老师在 A2 课堂上教西班牙语。
La profesora enseña español en línea cada semana.,这位女老师每周在线教西班牙语。
El estudiante estudia español por la noche.,这位学生晚上学西班牙语。
La estudiante estudia español en la biblioteca.,这位女学生在图书馆学西班牙语。
El joven es estudiante y trabaja medio tiempo.,这位年轻人是学生，还做兼职。
La joven es estudiante y practica español los fines de semana.,这位年轻女孩是学生，周末练西语。
"Buenos días, señorita. ¿Empezamos la clase ya?",早上好，小姐。我们现在开始上课吗？
Voy a la escuela después del desayuno.,我早饭后去学校。
El español es un idioma bonito y te ayuda a viajar.,西班牙语是一门很棒的语言，也能帮你更好旅行。
Él es abogado y trabaja en un despacho de abogados.,他是律师，在律师事务所工作。
Ella es abogada y asesora a sus clientes.,她是律师，给客户提供法律建议。
El funcionario trabaja en el gobierno local.,这位公务员在地方政府工作。
La funcionaria trabaja en un ministerio.,这位女公务员在某个部门工作。
Él es italiano y habla italiano en casa.,他是意大利人，在家说意大利语。
Ella es italiana y practica italiano los fines de semana.,她是意大利人，周末练习意大利语。
Él es francés y trabaja como guía turístico.,他是法国人，做旅游向导工作。
Ella es francesa y enseña francés por internet.,她是法国人，通过网络教法语。
Él es inglés y habla inglés en el trabajo.,他是英国人，在工作中说英语。
Ella es inglesa y practica inglés conmigo.,她是英国人，经常和我练英语。
El gerente dirige la empresa y coordina al equipo.,这位经理管理公司并协调团队。
La gerente dirige la empresa y organiza el plan semanal.,这位女经理管理公司并制定每周计划。
Soy de China y vivo cerca de Beijing.,我来自中国，住在北京附近。
Vivo en Roma y camino por el centro cada mañana.,我住在罗马，每天早上都在市中心散步。
París es una ciudad bonita; me encanta pasear por el río.,巴黎是一座美丽的城市，我喜欢沿河散步。
Londres es la capital de Inglaterra y tiene muchos museos.,伦敦是英国的首都，而且有很多博物馆。
Madrid es la capital de España y estudio español allí.,马德里是西班牙的首都，我在那里学西语。
Él es mi novio y trabaja en Barcelona.,他是我的男朋友，在巴塞罗那工作。
Ella es mi novia y estudia medicina.,她是我的女朋友，学医。
Mi hermano estudia español para el examen.,我的兄弟在备考西语。
Mi hermana estudia y prepara la entrevista.,我的姐妹在学习并准备面试。
El niño juega con su coche en el parque.,这个男孩在公园里玩玩具车。
La niña juega con muñecas en casa.,这个女孩在家里玩洋娃娃。
El centro de la ciudad está cerca de mi trabajo.,市中心离我上班的地方很近。
Mi marido trabaja de lunes a viernes.,我的丈夫周一到周五都在工作。
Vivo en una casa con jardín.,我住在带花园的房子里。
La planta crece bien si la riego cada semana.,只要我每周浇水，这株植物就会长得很好。
Madrid es una ciudad grande y viva.,马德里是一座繁华的大城市。
La cama es cómoda y duermo mejor.,这张床很舒服，我睡得更好。
"Mi habitación es pequeña, pero tiene mucha luz.",我的房间不大，但采光很好。
Él es alto y trabaja en almacén.,他很高，在仓库工作。
Ella es alta y baila salsa.,她很高，还会跳莎莎。
El niño rubio estudia y la niña rubia dibuja.,这个金发男孩在学习，金发女孩在画画。
El niño rubio juega y la niña rubia lee.,这个金发男孩在玩，金发女孩在读书。
Él es guapo; siempre tiene una sonrisa.,他很帅，总是带着笑。
Ella es guapa y es amable con todos.,她很漂亮，对谁都很友好。
El paciente está enfermo hoy y necesita reposo.,这位病人今天病了，需要休息。
La paciente está enferma desde ayer.,这位女病人从昨天起就不舒服。
Un coche bonito para el fin de semana.,这是一辆适合周末开的漂亮车。
Una casa bonita cerca del parque.,这是一栋靠近公园的漂亮房子。
Estoy resfriado y llevo bufanda.,我感冒了（男），戴着围巾。
Estoy resfriada y bebo té caliente.,我感冒了（女），我喝热茶。
El cuarto está desordenado porque busqué mis llaves.,房间很乱，因为我找钥匙导致的。
La habitación está desordenada; la limpiamos mañana.,房间很乱；我们明天打扫。
Él está alegre porque aprobó el examen.,他很高兴，因为考试通过了。
Ella está alegre porque llegó su pedido.,她很高兴，因为收到了订单。
Un coche grande para viajar en familia.,一辆适合一家人旅行的大车。
Una casa grande con terraza.,一栋带露台的大房子。
Es mejor así: primero practicamos y luego descansamos.,这样更好：先练习，后休息。
Un día agradable sin lluvia en la ciudad.,这是一段在城市里不下雨的愉快日子。
Mi esposo trabaja en la oficina por la mañana.,我的丈夫早上在办公室工作。
Mi esposa trabaja desde casa por la tarde.,我的妻子下午在家工作。
Mi hijo estudia español en línea.,我的儿子在网上学西语。
Mi hija estudia para el examen de mañana.,我的女儿在为明天的考试学习。
El cuarto de baño está limpio; acabamos de limpiarlo.,卫生间很干净；我们刚刚打扫完。
El televisor está en la sala; vemos series por la noche.,电视在客厅；我们晚上看剧。
El sofá es cómodo; me siento aquí a descansar.,沙发很舒服；我在这里坐着休息。
El dormitorio es grande y tiene luz todo el día.,卧室很大，而且白天都有光。
El armario está lleno de ropa de invierno.,衣柜里装满了冬天的衣服。
El estudio está ordenado porque preparo los deberes.,书房很整齐，因为我在准备作业。
El libro es interesante y lo leo antes de dormir.,这本书很有趣，我睡前会读。
El jardín tiene flores y huelen muy bien en primavera.,花园里有花，春天味道很好闻。
El nudo chino es bonito y lo compré en un viaje.,中国结很漂亮，是我旅行时买的。
La sala es grande para recibir amigos.,客厅很大，适合接待朋友。
La cocina está limpia; acabamos de cocinar.,厨房很干净；我们刚做完饭。
La lámpara está encendida para la cena.,灯亮着，用来吃晚饭。
La mesa está en la cocina y desayunamos allí.,桌子在厨房里，我们在那里吃早饭。
La silla es cómoda para estudiar.,这把椅子坐着很舒服，适合学习。
La estantería tiene muchos libros de gramática.,书架上有很多语法书。
Leo una revista en el metro.,我在地铁里看杂志。
La flor es bonita; me la regalaron hoy.,这朵花很漂亮；今天有人送给我。
Un coche pequeño es ideal para la ciudad.,小车很适合在市区开。
Una casa pequeña con jardín.,有花园的小房子。
El cuarto está limpio porque hoy limpié yo.,房间很干净，因为今天是我打扫的。
La cocina está limpia tras cocinar.,厨房在做完饭后很干净。
El estudio está ordenado para empezar a estudiar.,书房很整齐，方便开始学习。
La habitación está ordenada antes de dormir.,睡觉前房间整理好了。
Hoy hay mucho trabajo y no paro.,今天工作很多，我停不下来。
Tengo mucha tarea para mañana.,我有很多作业要做完。
Compré un coche nuevo para ir al trabajo.,我买了新车去上班。
Hemos estrenado una casa nueva.,我们已经住进新房子了。
Un libro interesante para aprender español.,一本有趣的书，用来学西语。
Una película interesante que vimos ayer.,我们昨天看了那部有趣的电影。
Llego alrededor de las ocho al trabajo.,我大约八点到公司。
Hay alrededor de cien personas en la feria de libros.,图书博览会上大约有一百人。
He intentado varias veces y al final salió bien.,我试了好几次，最后终于成功了。
Varias personas preguntaron lo mismo.,好几个人都问了同样的问题。
Vimos un edificio enorme cerca del metro.,我们在地铁附近看到了一栋巨大的楼。
Hay una plaza enorme para eventos.,这里有个用于活动的大广场。
¿Cuál es tu apellido para el registro?,你登记用的姓是什么？
Mi apellido es García.,我姓 García。
¿Cuál es tu nombre para la reserva?,预约用的名字是什么？
Mi nombre es Juan Martínez.,我叫 Juan Martínez。
¿Cuál es tu edad para el formulario?,表格里要填你的年龄是多少？
Tengo veinte años y estudio.,我二十岁，在上学。
¿Cuál es tu formación para el puesto?,你这个职位是什么学历的？
Tengo formación en derecho y trabajo en legal.,我法律专业出身，现在在做法务工作。
"¿Tienes experiencia profesional para este proyecto? Sí, tengo cinco años de experiencia en atención al cliente.",你有这个项目的工作经验吗？ 有，我做客户服务五年了。
¿Cuál es tu número de teléfono?,你的电话号码是多少？
Mi número es 13800000005.,我的号码是 13800000005。
¿Cuál es tu dirección de envío?,你的收件地址是？
Escribo la dirección en el sobre antes de enviarlo.,我把地址写在信封上再寄出。
Le comunico la noticia por mensaje.,我把消息通过短信告诉他。
Me comunico con él por teléfono cuando termino.,我结束后就打电话跟他联系。
Fue médico durante años.,他做医生好几年了。
Ella fue a Madrid por trabajo el mes pasado.,上个月她去马德里出差了。
Ayer fui al cine con mis amigos.,昨天我和朋友一起去电影院了。
Ayer llovió toda la tarde.,昨天下午一直下雨。
Me arreglo para la fiesta de cumpleaños.,我为生日派对打扮。
"No te preocupes, me arreglo y llego en seguida.",别担心，我自己搞定，马上就到。
Busco la palabra en el diccionario antes del examen.,考试前我在词典里查这个词。
Me recomendaste un diccionario español-chino.,你推荐给我一本西汉词典。
Esta palabra es nueva para mí en el ejercicio.,这个词在练习里对我来说是新的。
El profesor da la palabra a los estudiantes y todos opinan.,老师让学生发言，大家都发表看法。
Leo el texto en voz alta.,我大声读课文。
Traduzco el texto al chino para entenderlo.,我把课文翻译成中文来理解。
Te explico el problema paso a paso.,我一步一步给你解释这个问题。
Le explico la lección al alumno después de clase.,我课后给学生讲解课文。
"Por favor, tome asiento; en un minuto empezamos.",请坐；一分钟后我们开始。
"Estaba cansado, por eso me fui a casa temprano anoche.",我昨晚太累了，所以就早点回家了。
Lo sé de oídas; me lo dijo mi primo.,我只是听说的，是我表弟告诉我的。
Todo el mundo está aquí para empezar la clase.,大家都到了，就等开始上课。
El libro tiene buena acogida en la librería; se vende rápido.,这本书在书店里很受欢迎，卖得很快。
Voy a la estación a pie.,我步行去车站。
"En fin, vamos a casa que ya es tarde.",总之，回家吧，时间不早了。
"Allí hay de todo: frutas, pan y café.",那边什么都有：水果、面包和咖啡。
Aquí tiene el cambio; son 5 euros.,这是找零，一共5欧。
El cambio para ti; gracias por atenderme.,找的零钱给你，谢谢你招待我。
Tengo la costumbre de desayunar temprano los días de clase.,我有上课日早起吃早餐的习惯。
La cena está lista y ya huele a pasta recién hecha.,晚餐做好了，香味是刚煮好的意面味儿。
Estudio en la facultad de medicina y luego voy al comedor universitario.,我在医学系学习，之后去大学食堂吃饭。
Espero en la parada del autobús y aprovecho para comprar café para llevar.,我在公交站等车，同时买了杯咖啡带走。
Suelo ir a la universidad con un poco de hambre y casi siempre entro primero en la cafetería del campus.,每次带着点饥饿感去大学，我通常都会先钻进校园里的咖啡馆。
Tomo el desayuno en casa antes de salir al trabajo.,我出门上班前在家吃早餐。
El almuerzo es a las dos y a esa hora me junto con compañeros.,午餐两点开始，我会和同事一起吃。
Voy al comedor porque tienen menú del día.,我去食堂吃饭，因为他们有每日套餐。
Ceno en un restaurante italiano cuando termino tarde.,我忙到很晚时会去意大利餐厅吃晚饭。
Pongo los cubiertos en la mesa y preparo servilletas.,我把餐具摆上桌，还准备好纸巾。
Uso palillos cuando pido comida asiática para llevar.,我点外卖亚洲菜时用筷子吃饭。
Como arroz con verduras y pollo.,我吃米饭配蔬菜和鸡肉。
Este plato está muy rico; el chef lo recomienda cada semana.,这道菜真的很好吃，主厨每周都会推荐。
Voy en autobús al mercado para comprar ingredientes.,我坐公交去市场买食材。
Voy en metro a un restaurante cerca de la oficina.,我坐地铁去办公室附近那家餐厅。
El pan está blando porque lo dejé sin tostar.,面包是软的，因为我没去烤。
Este plato es muy picante y necesito un vaso de agua.,这道菜辣得要命，我得来杯水。
Me gusta el postre dulce después del almuerzo.,我午饭后喜欢吃甜点。
Pido el quinto plato del menú: un postre de chocolate.,我点菜单上的第五道菜：巧克力甜点。
Voy a la Puerta del Sol para desayunar con mis amigos.,我去太阳门和朋友吃早餐。
Uso palillos para comer cuando pido ramen.,我点拉面时用筷子吃。
Creo que este plato está hecho con ingredientes frescos.,我觉得这道菜用的是新鲜食材。
Manejo bien la cocina; hoy cocino pasta.,我很会做饭，今天我煮意面。
Bajo del autobús y voy directo al comedor.,我下公交后直接去食堂。
Cojo el metro para ir al restaurante de siempre.,我坐地铁去老地方那家餐厅。
El intérprete traduce en el congreso y todos lo entienden.,这位译员在大会上做口译，大家都听得懂。
La intérprete traduce en la conferencia internacional.,这位女译员在国际会议上做口译。
El traductor trabaja con subtítulos.,这位译者用来做字幕翻译。
La traductora trabaja revisando traducciones para un libro.,这位女译者负责为书籍润色校对翻译。
El recepcionista recibe a los visitantes en el hotel.,这位接待员在酒店接待来访者。
La recepcionista atiende las llamadas telefónicas y reserva habitaciones.,这位女接线员负责接电话并预订房间。
Asisto al congreso de español en noviembre.,我参加11月的西语代表大会。
Me gusta el turismo cultural y los museos.,我喜欢文化旅游和博物馆。
Tengo un programa completo de visitas esta semana.,我这周有一个很完整的参观日程安排。
En este momento estudio para el examen.,此刻我在备考。
Espero en el hall del hotel a mi amigo.,我在酒店大堂等我的朋友。
Está al lado de la puerta.,在门旁边。
Está al lado de la mesa en la cafetería.,在咖啡馆的桌子旁边。
"Mi estancia es corta, pero intento aprovecharla al máximo.",我的逗留时间很短，但我尽量把它利用到极致。
Es una cosa importante para mí: practicar todos los días.,这件事对我来说很重要：每天练习。
Busco la llave del apartamento en el bolso.,我在包里找公寓钥匙。
Es perfecto para empezar a estudiar ahora.,现在开始学习正合适。
Es perfecta para practicar conversación.,这非常适合练口语。
¡Bienvenido al hotel!,欢迎来到酒店！
¡Bienvenidos al congreso!,欢迎来到大会！
¡Bienvenido a China!,欢迎来到中国！
El próximo año voy a estudiar en el extranjero con una beca.,明年我要带着奖学金出国学习。
Cualquier llave sirve para esta puerta.,这门随便什么钥匙都能开。
Una llave cualquiera me basta.,给我随便一把钥匙就行了。
Es tuyo el móvil.,这手机是你的。
Es tuya esta chaqueta.,这件夹克是你的。
Es mío este libro.,这本书是我的。
Es mía esta taza.,这个杯子是我的。
Aprovecho estas vacaciones para viajar y visitar museos.,我利用这些假期去旅行并参观博物馆。
Miro ahí y veo el cartel de la sala.,我往那边看，就看到那个房间指示牌。
Modifico el programa por la lluvia.,因为下雨我修改了日程安排。
Reparto las llaves al equipo nuevo.,我给新团队分发钥匙。
Busco trabajo todos los días por internet.,我每天在网上找工作。
Espero en el hall del hotel porque vienen en diez minutos.,我在酒店大堂等着，因为十分钟后他们就到。
Espero verte mañana temprano.,我希望明早早点和你见面。
El empleado revisa mi billete en el mostrador de facturación.,这位工作人员在值机台帮我核对机票。
La empleada de información me guía hasta la puerta de embarque.,信息台的女工作人员带我去登机口。
Tengo la tarjeta de embarque y mi asiento es el 14A.,我拿着登机卡，座位是14A。
La azafata ayuda a los pasajeros a guardar el equipaje en el compartimiento superior.,空姐帮乘客把行李放进行李架。
Llevo una maleta de mano y una maleta grande para facturar.,我带手提行李和一只要托运的大行李箱。
Paso por la aduana con mi pasaporte y declaro lo necesario.,我拿护照过海关，并如实申报。
Pago la tasa en la ventanilla antes de entrar al control.,我进安检前在窗口把费用交了。
Tengo una beca y viajo para empezar el programa.,我拿着奖学金，要去开始项目。
Trabajo para una compañía que me envía a un congreso.,我在一家公司上班，这次公司派我去参会。
Tenemos una buena relación con la aerolínea.,我们和这家航空公司关系很好。
Me piden una carta para la admisión y la preparo hoy.,录取需要一封证明信，我今天把材料准备好。
Recibo la admisión y preparo el viaje al país.,我收到录取通知，就开始准备出发。
El vuelo sale a las diez desde la puerta 12.,航班十点从12号登机口起飞。
El embarque está abierto y veo mi fila en la pantalla.,登机开始了，我在屏幕上看到了我的登机队列。
Voy al mostrador para entregar la maleta y confirmar el billete.,我去服务窗口托运行李并确认机票。
Compro el billete online y lo muestro en el móvil.,我网上买了机票，安检时给他们看手机上的票。
Muestro el pasaporte en el control de seguridad.,我在安检处出示护照。
Tengo el comprobante del pago y lo guardo en la carpeta.,我有付款凭证，并把它收进文件夹。
Voy al consulado para recoger el documento que falta.,我去领事馆取缺的那份文件。
Solicito un visado para estudiar en España.,我申请去西班牙学习的签证。
Tengo dinero para el transporte y la comida en el primer día.,我有钱，能应付第一天交通和吃饭。
Recibo el resguardo del equipaje y me quedo tranquilo.,我拿到行李回执就放心了。
El resultado de la verificación sale en la pantalla y puedo pasar.,核验结果出现在屏幕上，我就可以通行了。
Llevo suficiente dinero para comprar agua y un bocadillo.,我带了足够的钱买水和三明治。
Es muy importante llegar antes para no perder el embarque.,提前到很重要，别耽误登机。
Es una relación comercial y nos encontramos por un trabajo.,这是商务合作，我们是因为工作来见面。
Paso por el control de pasaportes y me revisan el visado.,过边检的时候，他们检查我的签证。
Solicito una beca de AECID para mi intercambio.,我申请了AECID的奖学金，用于我的交流项目。
¿Cuándo vienes a recoger el pasaporte?,你什么时候来取护照？
El personal recoge un móvil del suelo.,工作人员从地上捡起了一部手机。
"Por favor, ¿me puede mostrar el pasaporte en el control?",麻烦了，您能在安检时出示一下护照吗？
Enseña idiomas en una academia cerca del aeropuerto.,他在机场附近的一所语言培训机构教语言。
El agente nos enseña a llenar el formulario de aduana.,工作人员教我们填写海关表格。
Nos enseñan a usar la app del embarque.,他们教我们使用登机app。
Solicito un visado para el intercambio de tres meses.,我申请为期三个月的交流签证。
El doctor me revisa la tos cada mañana.,医生每天早上都帮我检查咳嗽。
La doctora me pregunta los síntomas antes de examinarme.,女医生在给我检查前先问我症状。
Me duele la cabeza después de pasar horas frente al ordenador.,我在电脑前坐了几个小时后头疼。
Me duele la garganta cuando trago saliva.,我吞口水时喉咙疼。
Me duele la nariz por la alergia y me moquea.,我鼻子因为过敏难受，总在流鼻涕。
Tengo fiebre y hoy no puedo ir a trabajar.,我发烧了，今天没法去上班。
Tomo la medicina después de cenar para que no me sienta mal.,我晚饭后吃药，这样不容易不舒服。
El doctor me da una receta y mañana paso a recogerla.,医生给我开了药方，我明天去取。
Voy a la farmacia a por las medicinas de la receta.,我去药店取配方里的药。
Tomo una pastilla cada ocho horas.,我每八小时吃一片药。
"De esta manera, por la noche duermo mejor y me recupero antes.",这样一来，晚上我能睡得更好，恢复得更快。
No tengo apetito porque estoy resfriado.,我感冒了，所以没胃口。
Me quito el abrigo en casa porque ya no hace frío.,回到家我脱掉外套，因为不冷了。
Compro medicamentos para la gripe en la farmacia.,我在药店买了治疗感冒的药。
Estudio un curso online de primeros auxilios para estar preparado.,我在学一个在线急救课程，这样就能更有准备了。
"Me preocupo por el futuro cuando estoy enfermo, pero intento mantener la calma.",我生病的时候会担心未来，但我会努力保持冷静。
"Busco empleo y, además, tengo citas médicas.",我一边找工作，还得去看医生。
Tengo la nariz tapada y me cuesta respirar por la noche.,我鼻子堵了，晚上呼吸都不太顺。
"El médico me dijo que no es tan grave, pero tengo que vigilarme.",医生说没那么严重，但我得注意一下身体情况。
Estoy harto de esperar en la sala de urgencias.,我在急诊等得很烦。
Estoy harto de no dormir.,我真是受够了睡不着觉。
"Es un trabajo absorbente, pero hoy solo quiero descansar.",这份工作很耗人精力，不过我今天只想休息。
Es un curso pagado y ya tengo el acceso desde ayer.,这是已付费的课程，我从昨天就已经可以登录学习了。
Estoy cansado; me duele todo y me acuesto.,我很累，浑身不舒服就先躺下了。
Estoy cansada; con fiebre prefiero dormir.,我很累，还发烧了，我还是先睡吧。
Un niño pobre busca ayuda cerca de la consulta.,一个可怜的男孩在诊所附近求助。
Una niña pobre también necesitaba medicinas.,一个可怜的女孩也需要药。
En esta puerta no podemos pasar sin cita.,没有预约我们不能从这道门进去。
"Por favor, ¿puedo entrar a la consulta?",请问，我可以进诊室吗？
"Mario, ¿qué te pasa? ¿Te duele algo?",Mario，你怎么了？哪里痛吗？
Cruzo la calle para llegar a la farmacia.,我过马路去药店。
Voy a cruzar el paso de peatones.,我去走斑马线。
Me crucé con Mario en la farmacia.,我在药店偶遇了 Mario。
Comprendo tu situación; también estuve así.,我理解你的处境；我也经历过。
No comprendo por qué te sientes peor.,我不明白为什么你会更难受。
El doctor me ausculta y revisa la garganta.,医生给我听诊，还检查了喉咙。
Descanso un poco en casa antes de volver al trabajo.,我在家先休息一会儿，再回去上班。
Gasto mucho dinero en medicinas cuando me pongo malo.,我生病的时候常常花很多钱买药。
Escucho atentamente las indicaciones del médico.,我认真听医生的叮嘱。
Ellos escucharon la música mientras esperaban.,他们等诊的时候听音乐。
Estudio en un grupo pequeño antes de la clase de conversación.,我在上口语课之前参加一个小组学习。
Este producto es muy bueno y funciona como dijeron.,这个产品很好，效果跟他们说的一样。
El mármol del recibidor se ve elegante en la oficina.,办公室的前厅大理石看起来很高级。
Paso por el control para entrar a la conferencia.,我通过检查进入会议现场。
Llevo un maletín con documentos para la reunión de las seis.,我带着公文包，里面是六点的会议需要的文件。
Corto un trozo de pan y lo guardo para llevar.,我切一块面包并带走。
Te dejo un recado: quedamos a las ocho en el café de la plaza.,我给你留个口信：我们八点在广场那家咖啡馆见。
Los oyentes escuchan atentos en la sesión de preguntas.,听众在提问环节认真听着。
Voy a la sesión de cine y llego antes para comprar entradas.,我要去看这场电影，会提前到买票。
Tiene una voz muy bonita y habla claro por teléfono.,她的声音很好听，而且在电话里说得很清楚。
Estudio la historia de la ciudad para comentarla en el grupo.,我学这座城市的历史，为了在小组里聊天。
Muestro la muestra del producto en la mesa de la reunión.,我在会议桌上展示产品样品。
La calidad del audio es buena; se escucha perfecto.,音频质量很好，听起来很清楚。
Preparo una pieza de pan para cada oyente.,我给每个听众准备了一块面包。
La mayoría está de acuerdo con la hora del encuentro.,大部分人都同意见面的时间。
Es muy inteligente y entiende rápido el plan.,他很聪明，能很快理解计划。
Es muy trabajador y llega puntual.,他很勤奋，而且总是很准时。
Es muy trabajadora y prepara todo antes de la sesión.,她很勤劳，会在会开始前把一切准备好。
"Si quieres, quedamos juntos a las siete en el café.",如果你想，我们七点在咖啡馆一起见面。
Las dos chicas siempre estudian juntas antes del control.,这两个女孩在检查前总是一起学习。
Estoy sorprendido: llegaste antes de lo acordado.,我很吃惊：你比我们约好的时间还早到。
Estoy sorprendida; me llamaste justo a tiempo.,我很惊讶：你刚好在关键时刻打了电话。
Estoy sentado en una silla baja y no veo bien.,我坐在矮椅子上看不清。
La mesa es muy baja para mí.,这张桌子对我来说太低了。
Tengo unas preguntas para comentar hoy.,我今天有几个问题想聊一下。
Tengo unos apuntes para la próxima sesión.,我有一些笔记给下一场会议。
El punto principal es confirmar la hora de quedar.,主要点就是确认约见时间。
Es capaz de elaborar un plan en una tarde.,他有能力在一个下午内把计划做好。
Es muy antiguo; esa sala tiene historia.,很古老；那间屋子有故事。
Es muy antigua; el edificio conserva su estilo.,很古老；这栋楼保留着原来的风格。
Es muy riguroso con los horarios en el grupo.,他在小组里对时间很严格。
Es muy rigurosa con las normas de la clase.,她对课堂规则很严格。
Vivo en Asia y llamo a mi amigo para quedar con él pronto.,我住在亚洲，我给朋友打电话约一下尽快见面。
Comento la hora del encuentro en el chat.,我在聊天里确认了见面时间。
Le comento el plan a mi amigo.,我跟朋友讨论了计划。
Elaboro un resumen para la reunión de hoy.,我为今天的会议整理一份摘要。
Exporto productos cada trimestre.,我每个季度都会出口产品。
Exporto productos a Asia con nuestra empresa.,我们公司把产品出口到亚洲。
Él murmura algo mientras espera el recado.,他一边等口信一边嘟囔着什么。
Saco el pasaporte del maletín para el control.,我从公文包里拿出护照准备过安检。
Saco la libreta de la mochila y empiezo a apuntar.,我从背包里掏出笔记本开始记要点。
La vida es hermosa cuando compartimos una mesa.,当我们共享一张餐桌时，生活很美好。
Madrid es la capital de España y siempre está llena de vida.,马德里是西班牙的首都，始终充满活力。
Tengo prisa: el mercado cierra en diez minutos.,我很赶，市场十分钟后就关门。
Compro naranjas para hacer zumo en casa.,我买橙子回家榨汁。
Como una manzana en la oficina y sigo trabajando.,我在办公室一边吃苹果，一边工作。
Compro coliflor para la cena de esta noche.,我买菜花做今晚的晚餐。
Compro una docena de huevos para toda la semana.,我买一打鸡蛋，够一整周吃。
Bebo leche con el café por la mañana.,早上我用牛奶配咖啡喝。
Bebo agua porque hace calor en la calle.,我要喝点水，因为外面太热了。
Tengo buena memoria y no olvido la lista del supermercado.,我记性很好，超市的购物清单从不忘记。
Vivo en el campo y gasto menos en alquiler.,我住在乡下，租金开销更少。
El problema del tráfico es grave a esta hora.,这个时间段交通问题很严重。
En esta calle hoy hay mucho tráfico / poco tráfico según el día.,今天这条街上车多/车少要看今天情况。
El aire está contaminado cerca de la carretera.,靠近公路的空气被污染了。
Voy al bar del barrio cuando quiero desconectar.,我想放松时就去附近的酒吧。
Tengo muchos gastos este mes por la mudanza.,搬家让我这个月花销很大。
Compro un kilo de manzanas y comparo el precio.,我买了一公斤苹果，然后顺便比了比价格。
Compro huevos para preparar una tortilla.,我买鸡蛋做煎蛋。
Compro espárragos y los preparo a la plancha.,我买芦笋，用平底锅煎。
Compro un litro de leche y me llevo también yogur.,我买一升牛奶，还顺便买了酸奶。
El aire de esta zona está contaminado y me pongo mascarilla.,这个地区的空气被污染了，我戴上口罩。
El bar es muy ruidoso y casi no puedo hablar.,这家酒吧太吵了，几乎没法说话。
Esta calle es muy ruidosa por la noche.,这条街晚上特别吵。
La sopa está muy sosa; le pongo sal.,这碗汤很淡，我加点盐。
La conversación es muy sosa sin música.,没有音乐的聊天太无聊了。
El menú es muy variado y siempre encuentro algo.,菜单品种很多，我总能找到合适的。
La cesta del mercado tiene productos muy variados.,市场的购物篮里东西很丰富。
Es muy caro comer fuera cuando no tengo presupuesto.,外面吃饭很贵，当我预算不够时尤其难受。
La vida es muy cara en esta ciudad.,这座城市生活成本很高。
Sólo dos empleados atienden hoy y los demás están de descanso.,今天只有两个员工在服务，其他人在休假。
"Oye, ¿sabes dónde están los demás clientes que venían a la reunión?",嘿，你知道其他来参加会议的客户在哪里吗？
Vivo en México y me gusta comparar precios en el mercado.,我住在墨西哥，我喜欢在市场对比价格。
¡Uf! Qué caro está todo en este supermercado.,唉！这家超市啥都好贵。
No aguanto de él cuando compara precios y tarda demasiado.,他一比价格就耗太久，我受不了。
Ya no aguanto comprar tan caro; sigo buscando ofertas.,我受够了买这么贵的东西，还在找折扣。
Aguanto el gasto del mes con paciencia.,我耐心地撑过了这个月的开销。
Este coche todavía aguanta bien.,这辆车还很耐用。
No puedes imaginar cuánto subieron los precios aquí en un mes.,你无法想象这里的价格一个月内涨了多少。
"Cubro los gastos del mes con mi sueldo, pero el resto lo guardo.",我用工资覆盖每月开销，剩下的存起来。
Vendo frutas en el mercado los domingos y me queda un poco para el alquiler.,我周日去市场卖水果，赚点钱补房租。
Envidio su presupuesto: siempre encuentra ofertas.,真羡慕他那么会买，总能淘到打折的东西。
Pierdo el bus y llego tarde al mercado de ofertas.,没赶上公交车，赶到特价卖场时已经迟了。
Perdimos la oferta porque llegamos después.,我们来晚了，没赶上这次促销。
Caminamos cinco kilómetros durante la excursión.,郊游时我们走了五公里。
Vivimos en un barrio lleno de tiendas donde empieza nuestra excursión.,我们住在一个满是商店的城区，是我们郊游路线的起点。
Visito el templo al final del recorrido por la ciudad.,城市一圈逛完之后，我参观那座庙。
Hacemos un recorrido por la ciudad vieja con un guía.,我们在导游带领下逛了一圈老城区。
El comercio está muy desarrollado en el centro que visitamos.,我们去的那个市中心特别繁华。
Voy al museo por la mañana y luego paseo por la plaza.,我早上去博物馆，然后去广场散步。
El arte de esta exposición cuenta la historia de la ciudad.,这个展览里的艺术作品讲述了这座城市的故事。
Tengo muchos datos sobre los lugares que vamos a visitar.,我手上有很多我们要参观景点的资料。
¿Cuál es tu sexo? Lo necesito para la ficha del viaje.,麻烦告诉我一下性别，旅行登记表上要填这一栏。
Envío por fax el currículum al hotel donde quiero trabajar.,我通过传真把简历发给我想去工作的那家酒店。
Hacemos una excursión de un día a la ciudad vecina.,我们去了邻近城市，玩了一整天。
¿Dónde puedo coger la autopista para empezar la excursión?,我从哪里上高速才能开始这次郊游？
Visito la catedral con el grupo y hacemos fotos.,我跟团参观主教堂，还拍了照。
Nos encontramos en la plaza central al inicio del recorrido.,我们在市中心广场集合，然后开始整趟行程。
Envío una postal a mi familia desde el lugar de la excursión.,我从郊游的地方给家人寄了一张明信片。
Tengo una entrevista en otra ciudad y aprovecho para hacer una excursión.,我去另一座城市面试，顺便安排了一次小郊游。
Tengo buena formación y la añado en el currículum vitae.,我受过不错的专业训练，也写进简历里了。
El año pasado hicimos una excursión al mar.,去年我们去海边郊游过。
La semana pasada visitamos la catedral.,上周我们参观了那座主教堂。
El hotel está situado en el centro.,那家酒店位于市中心。
La catedral está situada en el centro.,那座主教堂在市中心。
El pueblo está situado a cinco kilómetros de la ciudad.,那个小镇离城里有五公里。
Es un templo muy viejo.,这是一座很古老的寺庙。
Es una calle muy vieja del barrio antiguo.,这是老城区里的一条古老街道。
Es un museo muy famoso en todo el país.,这是全国都很有名的博物馆。
Es una plaza muy famosa entre los turistas.,这广场在游客里名气特别大。
La sala del museo está llena de gente.,博物馆的展厅里挤满了人。
Vivimos en un barrio lleno de tiendas y cafeterías.,我们住在一个满是商店和咖啡馆的街区。
Es un edificio muy moderno al lado del río.,这是一栋在河边很现代的建筑。
Es una zona muy moderna de la ciudad.,这是城市里一个很现代的区域。
Es un asunto personal que comento en la entrevista.,这是我在面试里提到的个人事情。
"Es un currículo muy académico, lleno de publicaciones.",这是一份很学术的简历，里面有很多发表文章。
Es muy profesional organizando las excursiones.,他在组织郊游方面很专业。
Es un correo electrónico que envío con mi currículum adjunto.,这是我发出去的那封邮件，简历挂在附件里。
Envío mi currículum vitae a varias empresas antes de viajar.,出发前我把个人简历投给了好几家公司。
La mochila para la excursión pesa cinco kilos.,我的郊游背包重五公斤。
La maleta me pesa mucho en el kilómetro final.,走到最后一程路，箱子沉得我拖不动。
Le pesa haber cancelado la excursión.,郊游取消了，他心里一直过意不去。
¿Cuánto tiempo tardaste en ir de casa al punto de encuentro?,你从家到集合点花了多长时间？
Vamos a tardar dos horas en hacer el recorrido.,我们要用两小时走完整个路线。
¿A quién tengo que enviar estos datos del viaje?,我得把这次旅行的这些资料寄给谁？
"Si quieres, te lo envío por fax o por correo electrónico.",如果你愿意，我用传真或邮件发给你。
Salgo de casa a las ocho para la excursión.,我八点从家出发去参加郊游。
Salimos a dar un paseo por el barrio antiguo.,我们出去在老城区散步一圈。
Visito la catedral y luego el museo de arte.,我先参观主教堂，然后去艺术博物馆。
Visito a mi abuela después de la excursión.,郊游结束后我去看奶奶。
Recibió el premio Nobel y sus amigos lo felicitaron después de muchos años sin verlo.,他拿了诺贝尔奖，多年没见面的朋友都赶来向他道贺。
Voy al colegio donde estudiamos juntos hace años.,我去我们多年前一起上学的那所学校。
Recordamos el esplendor de nuestra juventud cuando nos reencontramos.,重逢时聊起年轻时候那段风光日子。
Obtuvo el premio y me llamó después de muchos años sin hablar.,他拿了奖，好多年没联系了，又专门给我打来电话。
Tienen un buen matrimonio y me invitaron a cenar después de tanto tiempo.,夫妻俩感情挺好，许久没见，这回还请我吃饭。
El matrimonio llegó tarde a la reunión de antiguos alumnos.,这对夫妇来参加校友会迟到了。
El sábado quedamos para vernos después de diez años.,约好了周六见，整整十年没见过了。
Tengo buena nota y se lo cuento cuando por fin nos vemos.,我考得不错，难得碰上一面，当面跟他报喜。
Hablamos de la guerra civil española como parte de su tesis.,我们聊起西班牙内战，那是他论文里的一部分。
Tuvieron una discusión hace años y ahora se reconcilian.,他们多年前吵过一架，现在终于和好了。
Estudio literatura y comento mis autores favoritos cuando nos reencontramos.,我学文学，重逢时和他聊起最喜欢的作家。
Me gusta la poesía que leíamos juntos en la universidad.,我喜欢我们大学时代一起读过的那些诗。
En esa época compartíamos piso y casi nos veíamos cada día.,在那个时期我们合租房子，几乎每天都见面。
Esta obra es famosa y fue tema de nuestras conversaciones.,这部作品很有名，也是当年我们常聊的话题。
"La realidad es dura, pero me alegra volver a verte.",现实很残酷，但再次见到你让我很开心。
Viajo a Hispanoamérica y allí me reencuentro con un viejo amigo.,我去了西语美洲国家，在那里又遇见一位老朋友。
Escribo mi tesis y le pido que la revise después de tantos años.,我在写论文，时隔多年又请他帮我看看。
Nos damos la mano y luego un abrazo después de tanto tiempo.,许久没见，我们先握手，随后紧紧拥抱了。
El doctorando en literatura presenta su tesis después de años de trabajo.,这位文学博士生经过多年努力后提交了论文。
La doctoranda en física invita a sus amigos al acto.,物理学女博士邀请朋友们来参加答辩。
El ser humano busca compañía.,人类都在寻找陪伴。
La naturaleza humana hace que queramos vernos de nuevo.,人性让我们总想再次见面。
Es muy creativo con las historias de nuestra época de estudiantes.,他在讲我们学生时代的故事时特别有创意。
Es muy creativa al recordar anécdotas del pasado.,她回忆过去趣事时很有创意。
Este libro está traducido a varias lenguas y todo el mundo lo conoce.,这本书被翻译成多种语言，因此全世界都认识他。
Su novela está traducida y la leo ahora.,她的小说已经被翻译了，我现在正在读。
Es una historia apasionante que me cuentas después de tantos años sin vernos.,这么多年没见，你讲的这个故事真精彩。
El niño escribe con la mano izquierda mientras su abuelo le mira.,小男孩用左手写字，爷爷在旁边看着。
Se ve un museo en el lado izquierdo de la calle donde quedamos.,在我们约好的那条街左侧可以看到一座博物馆。
El niño escribe con la mano derecha y firma la postal.,小男孩用右手写字还在明信片上签了名。
La línea es derecha y marca el camino a seguir.,那条直线标出了我们要走的路线。
Es la misma casa donde nos vimos por última vez.,这就是我们最后一次见面的那栋房子。
Lo hago yo mismo para que esté perfecto.,我亲自做，这样才放心。
Lo hago yo misma porque quiero ayudarte.,我亲自做，因为我想帮你。
Es la hermana mayor y hace mucho que no la veía.,她是姐姐，我已经很久没见到她了。
Es un producto natural que me recomendaste hace años.,这是你多年前推荐给我的天然产品。
Actúa de una forma muy natural cuando volvemos a vernos.,当我们再次见面时，她表现得非常自然。
Nací en Madrid y hacía años que no volvía.,我出生在马德里，很多年都没再回去。
Murió hace tiempo y hoy lo recordamos juntos.,他早就去世了，今天我们一起回忆他。
¿En qué año ingresaste en la universidad donde nos conocimos?,你是哪一年进入我们认识的那所大学的？
El muchacho ingresó en el ejército y dejó de venir al grupo.,这个男孩参军后就不再来我们这个小组了。
El señor fue al banco a ingresar en su cuenta el dinero del premio.,这位先生去银行把奖金存进账户里了。
Me traslado a Madrid y te escribo para que nos veamos pronto.,我要搬去马德里，写信给你是想尽快见面。
Se dedica a la literatura y viaja mucho a congresos donde nos volvimos a ver.,他从事文学工作，经常去各地参加会议，我们也是在一次会议上重逢的。
Obtuvo el premio Nobel y nos reunimos para celebrarlo.,他获得了诺贝尔奖，我们聚在一起庆祝。
"No exageres, no ha pasado tanto tiempo desde la última vez que nos vimos.",别夸张，上次见面也没过去那么久。
Sigo a mi amigo en las redes para saber de su vida.,我在社交网络上继续关注朋友的近况。
Sigue estudiando español y nos lo cuenta cuando nos vemos.,他还在学西语，见面时跟我们分享近况。
Me lavo el pelo temprano antes de salir de viaje.,出门旅行前，我一大早就洗头。
Me cepillo los dientes en el baño del hotel.,我在酒店的卫生间刷牙。
Hay un árbol en el jardín del hotel donde descansamos.,酒店的花园里有一棵树，我们在树下休息。
"El regreso es largo, pero recordamos todo lo que vimos.",回程很长，但我们一路回味这趟旅行看到的一切。
Conduzco un coche de alquiler para hacer el viaje.,我开一辆租来的车来完成这次旅行。
Me alojo en un hotel cerca de la playa.,我住在靠近海滩的酒店。
Hago el ejercicio de escribir sobre cómo fue el viaje.,我要写一篇作文，内容是这次旅行的经历。
El coche se paró en medio de la carretera durante el viaje.,旅途中汽车在公路中间突然停下了。
¡Buena suerte en tu viaje de regreso!,祝你回程一路顺利！
Recibí una multa por aparcar mal durante las vacaciones.,度假时因为乱停车我吃了一张罚单。
Vamos a la playa después de llegar al hotel.,到了酒店之后，我们就去海滩。
Me recibió con mucha cordialidad en el hotel de la costa.,海边酒店的接待人员非常热情地接待了我。
El policía nos ayuda cuando se avería el coche en la carretera.,汽车在公路上抛锚时，这位警察帮了我们。
La agente de policía nos indica cómo llegar al hotel.,这位女警察给我们指路，让我们找到酒店。
El decano habla con los estudiantes sobre sus estancias en el extranjero.,男院长和学生聊他们在国外的经历。
La decana habla con los estudiantes de sus viajes.,女院长和学生谈他们的旅行。
El muchacho corre por la playa durante las vacaciones.,度假时小伙子在海滩上跑步。
La muchacha corre para no perder el tren.,这个姑娘快步跑着，怕赶不上火车。
No hay nadie en casa cuando vuelvo del viaje.,我旅行回来时，家里一个人也没有。
El segundo día del viaje visitamos el museo.,旅行的第二天我们参观了博物馆。
"La segunda vez que viniste, ya conocías la ciudad.",你第二次来的时候已经很熟悉这座城市了。
Estoy muy contento de verte después de tantos años.,时隔多年再次见到你，我非常高兴。
Las chicas están molestas por haber esperado tanto en la estación.,女孩们不高兴在车站等了这么久。
Sé que algunos no están contentos conmigo porque llegué tarde.,我知道有些人对我不太满意，因为我迟到了。
La secretaria está muy contenta con sus nuevas vacaciones.,秘书对她新安排的假期很满意。
Estoy triste porque el viaje se terminó demasiado pronto.,旅行结束得太快了，我有点难过。
Me ducho en el hotel antes de salir a ver la ciudad.,我在酒店里洗个澡就出门看城市。
Desayuno en el hotel a las siete y media para salir temprano.,我在酒店七点半吃早餐，准备早点出发。
Me cepillo los dientes y cojo mi botella de agua.,我刷牙，然后拿上我的水瓶。
Caminamos a pie desde el hotel hasta la plaza.,我们从酒店步行到广场。
Voy a recoger a mi amigo en la estación a las diez.,我十点去火车站接我的朋友。
Averiaron el coche en plena carretera y tuvimos que esperar ayuda.,他们在公路上把车弄坏了，我们只能等救援。
El coche se averió a dos kilómetros del hotel y llamamos a una grúa.,车在距离酒店两公里处出故障了，我们叫了拖车。
El coche se paró en medio de la carretera con la lluvia y tuvimos que buscar un lugar seguro.,车在大雨中停在公路中央，我们只好找个安全的地方躲雨。
Me paré para comprar agua en una gasolinera.,我停车在加油站买瓶水。
"Deja de llorar, ya está todo bien.",别哭了，一切都会好起来的。
"Aparque aquí el coche, por favor.",请把车停在这里。
Aparco el coche delante del hotel y saco las maletas del coche.,我把车停在酒店门口，然后把行李取下来了。
Me acerqué al policía y le pregunté cómo llegar al hotel.,我走近警察问怎么去酒店。
La señora que se nos acercó era la recepcionista.,向我们走来的那位女士是前台接待。
Saludo a mis amigos en la entrada del museo.,我在博物馆入口和朋友打招呼。
Me alojo en un hotel cerca de la playa tres noches.,我在靠近海滩的酒店住了三晚。
Olvidé el pasaporte en la recepción cuando salí a comprar.,我出去买东西时把护照忘在前台了。
Le pregunto al recepcionista por el horario del desayuno.,我问前台早餐的时间。
Pregunto por la hora del tren a Valencia.,我打听去瓦伦西亚的火车几点。
Despierto a mi amigo para que no pierda el vuelo a las seis.,我叫醒了朋友别错过六点的航班。
Despierto de un sueño profundo cuando suena el despertador.,闹钟一响我从深睡里醒来。
El niño está llorando porque perdimos el autobús escolar.,小朋友在哭，因为我们错过了校车。
"Llorando, el pequeño pidió agua.",他一边哭一边要水喝。
Me maquillo un poco antes de ir a cenar con la familia en la plaza.,我在去广场和家人吃晚饭前简单化个妆。
Los habitantes de nuestro pueblo se saludan todos los días en la plaza.,我们村里的居民每天都会在广场互相打招呼。
Ese edificio era la escuela del barrio y olía a tiza.,那栋楼是我们街区的学校，粉笔味很浓。
El río quedaba cerca y en verano íbamos a refrescarnos.,那条河离得近，夏天我们都去那里消暑。
Tengo un recuerdo de mi infancia: el olor del pan recién hecho.,我对童年有记忆：刚出炉面包的味道。
"Antes de cenar, tengo muchos quehaceres: barrer y ayudar en casa.",吃晚饭前有很多家务：扫地，还得帮忙做事。
Cultivamos trigo en el campo y mi abuelo lo miraba al atardecer.,我们在田里种小麦，爷爷常在傍晚看着田地。
Cultivamos maíz en el campo para la cosecha de otoño.,我们在田里种玉米，为了秋天的收成。
En el río hay muchos peces y mi primo los pesca los domingos.,河里鱼很多，周日我表弟常去钓鱼。
Me gusta el pescado frito que hacía mi madre los domingos.,我喜欢周日妈妈做的炸鱼。
En la granja criamos animales domésticos: gallinas y conejos.,我们在农场养家畜：鸡和兔子。
Vivo en la montaña y de niño subía para ver el atardecer.,我住在山里，小时候会爬上去看日落。
La agricultura es importante allí porque la familia vive del campo.,那里的农业很重要，因为家里靠种地生活。
Cultivamos verduras en la tierra.,我们在土地上种蔬菜。
La tierra era tan fértil que los cultivos crecían rápido.,那片土地特别肥沃，长得很快。
Compré artesanía local en el mercadillo del pueblo y la guardé como recuerdo.,我在镇上的小集市买了当地手工艺品，还把它当纪念品收藏起来。
"Vivíamos en la pobreza, pero nunca faltó la sopa de mi abuela.",我们曾经生活贫穷，但祖母总会做汤给我们。
En la secundaria estudiaba informática en el aula de ordenadores.,我在中学的机房学计算机。
Sentí envidia cuando mi amigo trajo un móvil nuevo.,我朋友带了新手机时，我有点嫉妒。
La salida del autobús escolar era a las cinco; yo esperaba con mi mochila.,校车出发时间是五点，我背着书包等着。
Lavo la ropa los sábados y la tiendo al sol.,我周六洗衣服，把它晒在太阳下。
Compré ropa nueva para la excursión.,郊游那天我买了新衣服。
Tengo un recuerdo de mi infancia: jugar junto al río.,我对童年有记忆：在河边玩耍。
Mi infancia fue feliz aunque a veces faltaban cosas.,我的童年很幸福，虽然有时东西会不够。
Llevábamos una vida doméstica tranquila en casa de mis abuelos.,我们在外祖父母家过着平静的家庭生活。
En la secundaria estudiaba y luego ayudaba en casa antes de cenar.,上中学时我一边学习，一边晚饭前回家帮忙做事。
"Es un pueblo apartado, pero todos nos conocemos.",这是个偏僻的小镇，但大家都认识彼此。
Hago trabajo doméstico en casa: lavo platos y ordeno la cocina.,我在家做家务：洗碗，整理厨房。
"Mi profesora era muy severa con las tareas, pero nos ayudaba.",我的老师对作业很严厉，但也会帮我们。
La ropa está lavada y huele a jabón.,衣服已经洗好了，闻起来有肥皂味。
Ya tengo la ropa lavada para la escuela.,我已经有洗好的衣服准备上学了。
Mi hermano mayor me enseñó a pescar en el río.,我哥哥教我在河里钓鱼。
Más adelante conseguí un trabajo bien pagado y pude visitar a mi familia.,后来我找到了一份高薪工作，才能回去看家人。
En invierno nos faltaba comida.,冬天我们家总缺食物。
En la granja nos faltaba agua para regar.,在农场我们缺水浇地。
Faltan quince minutos para cenar con mi familia.,离跟家人吃晚饭还差十五分钟。
Falta una hora para la salida del autobús escolar.,校车出发还有一小时。
Logramos sobrevivir al invierno trabajando juntos en el barrio.,我们靠一起努力过冬，活了下来。
Lavo la ropa en la pila los sábados por la mañana.,我周六早上在水槽边洗衣服。
Corro hacia la escuela cuando suena la campana.,铃声一响我就往学校跑。
Pesqué un pez pequeño en el río el verano pasado.,去年夏天我在河里钓到一条小鱼。
¿Por qué no te dejaron salir a jugar después de la clase?,为什么课后不让你出去玩？
"¡Déjame volver a casa, por favor!",请让我回家吧！
Cultivamos trigo en otoño.,我们秋天种小麦。
Cultivo maíz detrás de casa con mi padre.,我和爸爸在家后面种玉米。
Regresé a casa cuando empezó a oscurecer.,天开始变黑的时候我回家了。
Regresamos del mercado con bolsas de pan.,我们从集市买面包带回来了。
"En el autobús de la excursión, ella busca un asiento junto a la ventana.",在去郊游的车上，她找了个靠窗的座位。
El teniente revisa a la gente antes del entrenamiento.,中尉在训练前检查大家。
El ejército organiza el campamento del mes de agosto.,军队在八月份组织营地。
Mi hermano cumplió el servicio militar y luego se quedó en la base.,我哥哥服完兵役后仍留在基地。
El servicio del hotel es muy rápido.,酒店服务很快。
"¿Dónde están los servicios, por favor?",请问洗手间在哪里？
Este mes ella coordina rutas en la agencia y prepara los formularios.,这个月她在旅行社负责安排路线，并准备相关表格。
No seas imbécil: sigue la disciplina y entrega el documento a tiempo.,别当傻瓜：遵守纪律，按时交文件。
Ella trabaja en la agencia de viajes y me responde cada semana.,她在旅行社工作，每周都会回复我。
Recibió instrucción militar para aprender a usar el equipo.,她接受了军事训练，学会了使用装备。
La máquina expendedora se averió y no pude sacar billetes.,售票机器坏了，我没能取票。
"Durante la mili, la disciplina es estricta y nadie llega tarde.",在兵役训练期间，纪律很严格，没人敢迟到。
Hizo la mili en una base cercana al pueblo y aprendió a obedecer.,她在离小镇不远的基地服过兵役，学会了服从。
Estoy muy ocupado revisando los horarios de los clientes.,我忙着核对客户的时间表。
Estoy muy ocupada con los papeles de la agencia.,她忙着旅行社的文件。
Estoy intranquilo porque la máquina no funciona y no sabemos qué hacer.,我不安，因为机器坏了，不知道怎么办。
Está intranquila porque perdió el billete.,她不安，因为丢了车票。
Se puso furioso cuando el autobús llegó tarde.,他生气，因为公交晚点。
Se puso furiosa cuando se confundieron sus turnos.,她很愤怒：值班安排搞错了。
"Fue una experiencia horrorosa en el campamento, con lluvia y barro.",露营地经历很糟：又下雨又很泥泞。
Fue una noche horrorosa para ella en el entrenamiento.,她在训练里度过了一个可怕的夜晚。
Tengo un trabajo fijo en la agencia de viajes.,我在旅行社有一份固定工作。
Tengo una silla fija en el aula de instrucción.,我在训练课的教室里有一把固定座位。
La instrucción militar es dura y ella la respeta cada día.,军事训练很辛苦，她每天都认真遵守。
Su padre es militar y la acompaña en la formación.,她父亲是军人，也会陪她参加训练。
Es un paisaje precioso al final de la excursión.,郊游结束时风景很美。
Tiene una casa preciosa en el barrio.,她住在很漂亮的社区房子里。
Escondo el billete en el bolsillo interior para que no se pierda.,我把车票藏在内侧口袋里，免得丢了。
Unos suben al autobús de la excursión mientras otros bajan para comprar agua.,有人上郊游大巴，有人下车去买水。
Sube a mi habitación y dime si tienes el documento.,上我房间来，告诉我你文件有没有带。
La temperatura va a seguir subiendo durante el entrenamiento.,训练期间气温还会继续上升。
"Gritó desde la ventana del tren: ""Aquí es la salida para el hotel"".",他从火车车窗喊：“这边是去酒店的出口”。
Odio la guerra; prefiero hablar y resolverlo con calma.,我憎恨战争；我更愿意冷静地沟通解决。
Siempre trato bien a los clientes de la agencia.,我总是善待旅行社的客户。
El informe trata de la disciplina militar durante la formación.,这份报告讲的是训练期间的军事纪律。
Trato de llegar puntual al almuerzo de hoy.,我尽量准时赶上今天的午饭。
Almuerzo con mis compañeros después de la instrucción militar.,军事训练结束后，我和同伴一起吃午饭。
"Para la fiebre de Antonio, el remedio fue el jarabe y reposar en casa.",针对安东尼奥的发烧，建议是服用糖浆并在家休息。
"Aun con fiebre, Antonio intenta sacar una sonrisa cuando el médico le habla.",就算在发烧，安东尼奥也会在医生跟他说话时努力挤出微笑。
"Hoy voy a la consulta del médico con fiebre, y espero mi turno en recepción.",我今天带着发烧去看医生，在前台等候叫号。
Recibí una llamada del médico para decir que podemos ir a la consulta por la tarde.,我接到医生的电话，说下午可以去看诊。
Dejé la pesca para otro día; con fiebre no puedo ni levantarme.,我把钓鱼改天了；发着烧连床都起不了。
La temperatura le sube a 39 y le doy antipirético siguiendo la indicación.,体温升到39度，我按医嘱给他退烧药。
El cantante del barrio vino a visitar el hospital cuando Antonio tenía fiebre.,那位街区歌手在安东尼奥发烧时来医院看望。
La cantante conocida también llamó para animarlo.,那位知名歌手也打电话鼓励他。
El pediatra de guardia es muy conocido en la zona y atiende rápido.,这片区值班儿科医生很有名，而且很快就能安排看诊。
Castigaron a Antonio en el trabajo temporal porque faltó por fiebre; no pudo seguir allí.,安东尼奥因为发烧缺勤，在那份临时工作中受到了处罚，无法继续在那里工作。
"Mientras descansaba, le pusieron una serie policíaca en el televisor.",他发烧躺着休息时，电视上放了侦探剧。
El mar se ve desde la ventana del hospital y eso lo calma.,从医院窗户能看到大海，这让他平静下来。
Me gusta la mar aunque esté enfermo.,生病时我也喜欢看海。
Contesto el cuestionario de síntomas antes de entrar a la consulta.,我在进入诊室前填写症状问卷。
Respondo al médico por WhatsApp con la evolución de la fiebre.,我通过WhatsApp把发烧的变化回复给医生。
Responde que Antonio debe descansar y beber agua.,他回答说安东尼奥需要休息并多喝水。
Le regalo a Antonio un termómetro digital y un vaso de agua.,我送给安东尼奥一个数字体温计和一杯水。
Mis padres me regalan una caja de pañuelos y jarabe.,我父母送给我一盒纸巾和糖浆药。
Hay un aviso en la puerta: no se permite fotografiar en la sala 3.,门口有通知：第3展厅禁止拍照。
No toques ese objeto; está a distancia y es muy delicado.,别碰那个东西，要保持距离，而且它很脆弱。
Sigue el letrero para encontrar la taquilla y el guardarropa.,跟着指示牌走，找到售票窗口和存衣处。
Dejo el abrigo en el guardarropa y cojo la ficha.,我把外套放到存衣处，然后拿走号码牌。
Te doy un consejo: empieza por la exposición principal para no hacer cola.,我给你个建议：先看主展厅，这样不会排太久队。
Hay descuento para estudiantes y lo aplican al comprar la entrada.,学生有优惠，买票时会直接给你打折。
¿Tienes carnet de estudiante? Te lo van a pedir en la taquilla.,你有学生证吗？售票窗口会让你出示学生证。
Llevo un bolso pequeño para no tener que dejar demasiadas cosas.,我背个小包，不想留太多东西在存衣处。
Quiero un refresco en la cafetería del museo después de ver la exposición.,看完展览后，我想在博物馆咖啡馆来一杯冷饮。
Voy a la exposición con mi audioguía para entender mejor las piezas.,我带着讲解器去看展览，以便更好地理解展品。
La escultura me impresionó; la vi de cerca dos veces.,那座雕塑太让我震撼了；我近距离看了两次。
Compro la entrada en la taquilla y muestro mi carnet.,我在售票窗口买票，并出示了学生证。
"Traigo la cámara de fotos, pero solo puedo usarla en las zonas permitidas.",我带着相机，但只能在允许拍摄的区域使用。
La orden del guardia fue clara: apaga el flash.,那位保安的指令很明确：关掉闪光灯。
Hay prohibición de filmar en la sala de antropología.,人类学展厅禁止摄像。
Estudio antropología y por eso me interesa esta sección.,我学人类学，所以对这一部分特别感兴趣。
No hay otra alternativa: dejamos el bolso grande en el guardarropa.,没有别的选择：大包只能寄存在存衣处。
Para mí es pura diversión aprender historia mirando las obras.,对我来说，看作品学历史就是纯粹的乐趣。
Esta exposición tiene mucha fama y hoy está llena de gente.,这个展览很有名，今天人很多。
El portero me indica dónde está el guardarropa.,门卫告诉我存衣处在哪里。
La portera vigila la entrada durante la mañana.,女看门人在早上守着入口。
El taquillero me ayuda a elegir la entrada con descuento.,售票员帮我选打折票。
Es un artista famoso y sus obras están en esta exposición.,他是一位很有名的艺术家，作品在这次展览里。
Es una artista conocida y vino hoy.,她是一位知名艺术家，今天来了。
El intelectual del museo me recomendó esta visita guiada.,博物馆里的那位知识分子推荐我参加这场导览。
No nos dejaron tocar los objetos; eran de vidrio.,他们不让我们摸那些展品；都是玻璃做的。
El niño sabe tocar el piano en la sala infantil.,孩子会在儿童展厅弹钢琴。
¿A quién le tocó explicar la obra 12 al grupo?,轮到谁给大家讲第12号作品？
Me tocó una pregunta fácil sobre la exposición.,我抽到一个关于展览的简单问题。
Tocó a la puerta del despacho del museo.,他敲了博物馆办公室的门。
Prohiben filmar en la sala de antropología; solo está permitido tomar fotos.,人类学展厅禁止摄像，只允许拍照。
Añado un comentario en el libro de visitas antes de irme.,我离开前在游客留言本上写下一条留言。
Disfruto de la exposición porque puedo aprender con calma.,我很享受这个展览，因为可以慢慢学。
En mi carta a la ONU pedí información sobre un programa cultural.,我在给联合国写的信里，询问了一个文化项目的资料。
En la carta te cuento que esta mañana visitamos el Palacio Imperial.,在信里我告诉你，我们早上参观了故宫。
En la carta escribo: fuimos al Templo del Cielo al atardecer.,在信里我写道：我们黄昏时去了天坛。
En la carta describo que la Gran Muralla es larga y subimos a una torre.,在信里我描写：长城很长，我们爬上了一座城楼。
En la carta menciono que la Ruta de la Seda une Asia y Europa.,在信里我提到：丝绸之路连接亚洲和欧洲。
En mi carta te cuento que viajé al Tíbet el verano pasado.,在我的信里我告诉你：我去年夏天去西藏旅行了。
En la carta uso un tono respetuoso para darte las gracias.,在信里我用恭敬的语气向你表达感谢。
En la carta practico caracteres chinos para explicar el significado del nombre.,在信里我练汉字，用来解释这个名字的含义。
Mis alumnos mandan un dibujito junto con la carta.,我的学生会在信旁边附上一张小画。
Este semestre estudio español y te lo cuento en la carta.,这个学期我学西班牙语，我在信里跟你说了。
Te envío en la carta ejercicios de fonética española.,我在信里发给你西班牙语语音练习。
En la carta te explico que la escritura china tiene una historia larga.,在信里我跟你说，汉字有很长的历史。
En la carta te cuento que estudio antropología por curiosidad.,在信里我告诉你：我出于好奇在学人类学。
Busco un amigo hispanohablante para que me corrija la carta.,我想找一个西语母语的朋友帮我改这封信。
El profesor me ha suspendido en gramática.,老师让我语法考试不及格了。
Estoy suspenso y practico.,我没及格，所以继续练习。
"Para ti, esta respuesta es fácil; para mí, no.",对你来说这个回答很容易；对我却不简单。
Estas dos direcciones son parecidas; siempre las confundo.,这两种地址差不多，我总把它们搞混。
Has confundido otra vez el nombre de mi ciudad.,你又把我城市的名字弄错了。
El profesor me ha suspendido en redacción.,老师在写作方面让我不及格。
Casi un 20% de los alumnos suspendieron en historia.,近 20% 的学生历史不及格。
Decidieron suspender la reunión del club de idiomas.,他们决定暂停语言俱乐部的聚会。
¿Por qué se suspendieron los partidos de fútbol de ayer?,昨天的足球赛为什么被取消了？
El trayecto al trabajo me tarda cuarenta minutos cada día.,每天去上班的路要四十分钟。
En la autopista hay un atasco porque llueve y todos frenan.,高速路堵了，因为下雨大家都在刹车。
"Para ir al centro, viajo en ferrocarril a diario.",去市中心我每天坐火车。
"En la estación, un pasajero me dio un empujón sin querer.",在车站，有个乘客不小心推了我一下。
No seas idiota: mira el semáforo antes de cruzar.,别犯傻：过马路前先看红绿灯。
"Por la cercanía, voy a pie a la universidad cada mañana.",因为离得近，我每天早上步行去大学。
"Tengo varias opciones: metro, bus o bici según el tiempo.",我有好几个选择：看天气坐地铁/公交/骑车。
A esta hora hay mucha congestión y avanzamos muy despacio.,这个时间堵得厉害，我们走得很慢。
Esa vía frente a mi casa siempre está llena de coches.,我家门口那条路经常车很多。
"En la calzada mojada, la fila de coches casi no se mueve.",在湿的车道上，车队几乎不怎么动。
Ese coche particular lo uso solo cuando tengo que ir lejos.,那辆私人车我只在必须去很远的时候用。
Los medios de transporte mencionados en el cartel no paran en mi estación.,海报上提到的那些交通工具在我这站不停。
Hoy es un día festivo y la ciudad se llena de gente.,今天是节假日，城里人特别多。
El transporte ferroviario suele ser más puntual que el autobús.,铁路交通通常比公交更准点。
Pasamos por una carretera elevada para evitar el tráfico del centro.,我们走高架路来避开市中心的拥堵。
El transporte público me va mejor si reviso el horario en la app.,我查了app时刻表后发现公共交通会更好用。
"Con tanta gente, me siento asfixiado en el metro.",人太多了，我在地铁里觉得喘不过气。
Entre todos vamos a solucionar el retraso compartiendo un coche.,大家一起通过拼车来弥补延误。
¿Habéis solucionado el problema del mapa en la ruta de mañana?,你们解决明天路线地图的问题了吗？
El problema consiste en que la salida está cerrada por obras.,问题在于出口因为施工被封了。
Los coches circularon muy despacio por la calzada mojada.,车在湿的车道上行驶得很慢。
En la boda quedó un misterio: quién dejó la nota al novio.,婚礼上留下了一个谜：到底是谁给新郎留了纸条。
Bajé al sótano a buscar cajas de decoración.,我下到地下室去找装饰用的箱子。
Oí unos pasos en el pasillo justo antes de las fotos.,拍照之前我在走廊里听到了脚步声。
"Antes de la ceremonia, un florista recibió un golpe con la escalera.",仪式前，一名花艺师被梯子撞了一下。
"Cuando se rompió el vestido, mi hermana pidió auxilio.",礼服一破，姐姐就赶紧喊人帮忙。
"En el salón había un montón de cosas: mesas, sillas y velas.",婚礼大厅里有一大堆东西：桌椅和蜡烛。
Tengo un compromiso importante: casarme el sábado.,我有个重要的承诺/约定：周六结婚。
El fin de la fiesta llegó con fuegos artificiales.,晚会的结束以烟花收尾。
"Para la boda, cuido mi salud y duermo bien.",为了婚礼，我会好好保重身体，也睡得好。
Mi afición es grabar vídeos para recordar el día.,我的爱好是录视频来纪念这一天。
Hago una investigación de lugares para la luna de miel.,我在查蜜月要去哪些地方。
Al preparar la casa encontramos telarañas en el rincón del balcón.,布置房子时，我们在阳台角落发现了蜘蛛网。
Cierro la cortina para que no entre el sol en las fotos.,我拉上窗帘，挡挡强光，免得待会儿拍照晃眼。
Barro con la escoba los confeti del suelo.,我用扫帚把地上的彩纸扫起来。
El gato se mete en su guarida debajo de la mesa cuando hay mucha gente.,人多的时候，猫会钻进它的窝——桌子下面。
Formamos una pareja y hoy celebramos nuestra boda.,我们成了一对，今天庆祝我们的婚礼。
Soy muy afortunado de casarme contigo.,我很幸运能和你结婚。
Este tema es mi favorito para el primer baile.,这首曲子是我第一支舞的最爱。
Esta canción es su favorita.,这首歌是她最喜欢的。
Mi vecino me ayuda a colgar las luces.,我的邻居帮我挂灯。
Mi vecina prepara pasteles para la fiesta.,我的女邻居给聚会准备蛋糕。
Es muy extraño que el fotógrafo no haya llegado.,摄影师还没到真的很奇怪。
Estaba desmayada en el suelo durante el brindis.,她在敬酒时昏倒在地上。
Tengo un gato nervioso que se esconde.,我有一只紧张爱躲的公猫。
Tengo una gata tranquila que disfruta de la calma.,我有一只安静享受安宁的母猫。
"Mi amigo sigue soltero, pero ya le han presentado a alguien.",我朋友还是单身，但已经有人给他牵线了。
Mi prima está soltera y quiere conocer gente.,我表妹单身，她想认识人。
Gozo de buena salud y por eso puedo bailar toda la noche.,我身体很好，所以可以跳一整晚。
Disfrutamos de la fiesta desde la ceremonia hasta la última canción.,我们从仪式开始一直享受这场派对到最后一首歌。
Observo cómo reaccionan los invitados cuando leen las cartas.,我观察宾客读信时的反应。
Investigo el plan del banquete con el restaurante.,我跟餐厅核对宴请的流程安排。
El gato maúlla cuando suena la música fuerte.,音乐一大声，猫就开始叫。
Cuido a mi abuela durante la boda.,我在婚礼当天照顾奶奶。
Cuido de los niños mientras juegan.,孩子玩的时候我照看他们。
Las naranjas están a 3 euros el kilo en el mercado.,橙子在市场里每公斤3欧元。
Las manzanas cuestan 2.5 euros el kilo si compras hoy.,苹果如果今天买，每公斤2.5欧元。
La coliflor se vende a 4 euros el kilo en esta tienda.,菜花在这家店每公斤卖4欧元。
¿Estás casado?,你结婚了吗？
No. (Estoy) soltero.,不。（我）单身。
Sí.,是。
¿De dónde eres?,你来自哪里？
"Soy de China. (Soy de Beijing, Shanghai...)",我来自中国。（我来自北京、上海…）
¿Tienes hermanos?,你有兄弟姐妹吗？
"Sí, dos hermanas.",是的，有两个姐妹。
No.,没有。
¿En qué trabajas?,你做什么工作？
Soy profesor.,我是老师。
¿Cuántos años tiene tu hermano? (¿Qué edad tiene...),你兄弟多大了？（他几岁…）
Veinticinco.,二十五。
¿Cómo es tu hermano?,你兄弟长什么样？
"Es alto, tiene los ojos negros y lleva barba...",他很高，黑眼睛，还留胡子…
Mi hija Lucía es muy simpática.,我女儿露西亚很讨人喜欢。
Mi dormitorio está al lado del de Paco.,我的卧室在帕科的（卧室）旁边。
Nada quiero decir ahora; estoy nervioso.,我现在什么都不想说；我有点紧张。
No entiendo nada de la explicación de hoy.,我完全听不懂今天的讲解。
Tampoco quiero ir al evento de esta noche.,今晚的活动我也不想去。
Tampoco quiero ir al trabajo extra.,我也不想去加班。
¿Te dejo las llaves aquí en recepción o me las llevo?,钥匙要不我先留在前台给你，还是我拿着走？
Tengo que probarme los zapatos.,我得试穿一下这双鞋。
Voy a levantarme.,我要起床了。
Aquí está.,给你
Aquí lo tienes.,给你/在这里
Felicidades por tu 18 cumpleaños.,祝你18岁生日快乐
No importa.,没关系
No necesito cambio; pago con tarjeta.,不用找零，我刷卡付。
No es para tanto; te lo explico despacio.,没那么严重；我慢慢给你讲。
No fui puesto que estaba enfermo y tenía fiebre.,我没去，因为我病了而且发烧。
No juegues con tu salud.,别拿身体开玩笑。
"Por el contrario, no estoy de acuerdo con eso.",相反，我不同意那样的说法。
Estoy en medio de la calle; ten cuidado.,我在马路中间；小心点。
Estoy listo para salir; solo tengo que coger las llaves.,我准备好出门了；我只差拿钥匙。
"Hablaba mucho, pero en realidad no sabía nada del examen.",他话很多，但实际上他根本不懂考试内容。
"A comienzos del semestre, entregué los ejercicios al profesor.",在学期初，我把作业交给老师。
Ahora estudio más que nunca porque quiero aprobar el examen.,我现在比以往更用功，因为我想通过考试。
"Cuando llegamos, las mesas estaban puestas y ya olía a comida.",我们到时桌子已经摆好了，饭菜香味都出来了。
De ordinario llego a las ocho a casa.,通常我八点到家。
De repente empezó a llover cuando salíamos de casa.,我们刚要出门时突然下起雨来。
De vez en cuando voy al cine con mi hermano.,我偶尔会和我哥哥一起去看电影。
"Desde luego, vamos ahora mismo.",当然，我们现在就走。
El ir y venir del trabajo le cansa; pasa casi dos horas al día en transporte.,上下班往返把他累坏了；他每天在交通上差不多两小时。
El éxito consiste en el esfuerzo diario y la constancia.,成功在于每天的努力和坚持。
Estoy tomando notas en clase y luego las paso a mi cuaderno.,我在课上记笔记，之后再整理到本子上。
"Hay muchos idiomas, entre otros español e inglés, y cada uno tiene su cultura.",有很多语言，其中包括西班牙语和英语，每一种都有自己的文化。
"Hoy en día, se puede aprender español con apps y audios.",如今，学西语可以靠软件和音频。
La empresa cuenta con cien empleados y un equipo de apoyo al cliente.,这家公司有一百名员工，还有客服支持团队。
Llegué tarde debido al atasco de ayer en la avenida.,我因为昨天大道堵车而迟到了。
"Llegué un poco antes de las ocho, así pude coger sitio.",我八点前一点到，这样我能先占个座。
Los niños estaban muertos de miedo durante la tormenta; temblaban.,暴风雨期间孩子们吓得要死，都在发抖。
"Me gusta el español, sobre todo cuando practicamos la pronunciación.",我喜欢西班牙语，尤其是我们练发音的时候。
Me hice amigo de Luis en el curso de español.,我和 Luis 在西语课上成了朋友。
Muchas gracias por esperarme.,非常感谢你等我。
Muchas gracias. Gracias a usted también por su ayuda.,非常感谢。也谢谢您帮忙。
Echo mucho de menos la vida universitaria; extraño la biblioteca.,我很想念大学生活；我也想念图书馆。
"En realidad, ya estamos en verano y queda poco tiempo.",其实我们已经是夏天了，时间不多了。
La señora es profesora de español.,这位女士是西班牙语老师。
Me di cuenta de que él no quería hablar conmigo en serio.,我发现他根本没想跟我好好谈。
No tiene trabajo.,他没有工作
No trabaja.,他没有工作
Salieron en busca de agua potable.,他们出去找饮用水。
Se fue la luz anoche justo cuando estaba cocinando.,昨晚我做饭时刚好停电了。
Se les suelen ocurrir unas ideas muy buenas cuando trabajan en equipo.,他们一组队工作时通常会想出很好的主意。
Te conozco de oídas.,我听说过你。
Te echo de menos desde que te fuiste.,你走了之后我就很想你。
Todos te echamos mucho de menos; nos vemos en septiembre.,我们大家都很想你；九月见。
Tuvo que guardar cama una semana por la gripe.,他不得不因感冒卧床一周。
Uso el transporte público para ahorrar tiempo y dinero.,我用公共交通省时间也省钱。
Vale la pena visitar el museo este fin de semana.,这周末去参观博物馆很值得。
Vivo en la Ciudad de México y me encanta caminar.,我住在墨西哥城，我很喜欢散步。
Voy a pedir permiso al jefe para salir antes por la consulta.,我想向领导请假，因看诊要提前下班。
Voy al café Gijón para revisar los anuncios de alquiler con calma.,我去西洪咖啡厅慢慢看租房广告。
Vale.,"(表示赞同)行, 好。"
¡Chao!,再见
¡Chao! Nos vemos.,再见！回头见。
¡Cuánto lo siento!,很遗憾！
¡Cómo se te ocurrió hacer eso justo antes de la entrevista!,你怎么想得出来，偏偏在面试前干那种事！
¡Huy!,嗬!
¡Qué bien!,太好了
¡uf!,"(表示疲倦, 厌烦, 气闷等) 唉"
¿A qué hora?,几点
¿Adónde?,去哪里
¿Cuál es tu estado civil para el formulario?,表格里你的婚姻状况是什么？
¿Cuándo?,什么时候
¿Cuánto/a/os/as?,多少
¿Cómo te encuentras?,你（身体/心情）怎么样？
¿Cómo te va en el trabajo?,这个工作对你怎么样？
¿Cómo?,怎么/如何
¿De dónde?,从哪里
¿De quién?,谁的
¿Dónde?,在哪里
¿En qué?,在什么
¿Quién?,谁
¿Qué tal?,怎么样？
¿Vale?,好吗？
¿qué te parece?,你觉得怎么样？
¿De quién es este libro?,这本书是谁的？